Category,Product Name,Vendor,Per Box Price,Quantity per Box,Delivery Date,Stems Available
Roses,BQT Roses Elegance Red 12 stems QB x6  bunches,VistaFlor,$136.8,6,04-Nov-2025,48
Roses,COLOR ROSES ASSORTED ASSORTED 40 40,VistaFlor,$300,300,28-Oct-2025,600
Roses,COLOR ROSES ASSORTED ASSORTED 50 50,VistaFlor,$320,300,28-Oct-2025,3900
Roses,COLOR ROSES ASSORTED ASSORTED 60 60,VistaFlor,$353.33333333333,300,28-Oct-2025,7800
Roses,COLOR ROSES ASSORTED ASSORTED 80,VistaFlor,$383.33333333333,250,28-Oct-2025,2000
Roses,COLOR ROSES CREAM QUICK SAND 60 60,VistaFlor,$251.11111111111,100,28-Oct-2025,200
Roses,COLOR ROSES DARK PINK GOTCHA 50 50,VistaFlor,$133.33333333333,100,28-Oct-2025,400
Roses,COLOR ROSES LIGHT PINK BE SWEET LIGTH PINK 50,VistaFlor,$122.22222222222,100,28-Oct-2025,400
Roses,COLOR ROSES LIGHT PINK PINK MONDIAL 60 60,VistaFlor,$137.77777777778,100,28-Oct-2025,200
Roses,COLOR ROSES ORANGE CAYENNE 50 50,VistaFlor,$173.33333333333,100,28-Oct-2025,400
Roses,COLOR ROSES ORANGE HIGH ORANGE 50 50,VistaFlor,$164.44444444444,100,28-Oct-2025,300
Roses,COLOR ROSES TINTED PAINTED CAPUCCINO 50,VistaFlor,$326.66666666667,100,28-Oct-2025,300
Roses,COLOR ROSES TINTED PAINTED CAPUCCINO 60,VistaFlor,$337.77777777778,100,28-Oct-2025,300
Roses,COLOR ROSES TINTED TOFFE BROWN PAINTED 60,VistaFlor,$422.22222222222,100,28-Oct-2025,200
Roses,COLOR ROSES WHITE PLAYA BLANCA 60 60,VistaFlor,$235.55555555556,100,28-Oct-2025,200
Roses,COLOR ROSES WHITE PLAYA BLANCA 70 70,VistaFlor,$248.88888888889,100,28-Oct-2025,300
Roses,COLOR ROSES WHITE TIBET 50 50,VistaFlor,$137.77777777778,100,28-Oct-2025,200
Roses,COLOR ROSES WHITE VENDELA 40 40,VistaFlor,$340,300,28-Oct-2025,900
Roses,COLOR ROSES YELLOW LIGHTHOUSE 50 50,VistaFlor,$133.33333333333,100,28-Oct-2025,300
Roses,COLOR ROSES YELLOW TARA 50 50,VistaFlor,$133.33333333333,100,28-Oct-2025,600
Roses,Cremon Terracota Rosetta ECU 70cm,Jet Fresh,$170,10,28-Oct-2025,70
Roses,Delph Lavender Blush Rose ECU 70cm 10 ST,Jet Fresh,$253.93333333333,13,28-Oct-2025,26
Roses,Delph Lavender Blush Rose ECU 80cm 10 ST,Jet Fresh,$262.66666666667,12,28-Oct-2025,24
Roses,DRIED/PRES ASSORTED ROSE BACK TO BASICS-MOST WANTED 5-5.9CM,SunBurst Farms,$272.53333333333,42,28-Oct-2025,294
Roses,DZ Rose BQT Asst 70%Col30%Red 50cm W/Gyp/Green/FabWrap,Jet Fresh,$307.6,18,28-Oct-2025,684
Roses,DZ Rose BQT Red Freedom 50cm W/Gyp/Green/FabWrap,Jet Fresh,$307.6,18,28-Oct-2025,90
Roses,Garden Rose Bi - Color Orange Free Spirit  40 Cm,EQR,$230.55555555556,125,28-Oct-2025,625
Roses,Garden Rose Bi - Color Orange Free Spirit 50 Cm,EQR,$291.66666666667,125,04-Nov-2025,625
Roses,Garden Rose Bi Peach/ L Pink Shakespeare ECU ECO ARRIVE ALIVE 60cm,Jet Fresh,$244.8,72,28-Oct-2025,288
Roses,Garden Rose Bi Peach/Yellow Antonia Gardens ECU 40cm,Jet Fresh,$241.66666666667,125,28-Oct-2025,250
Roses,Garden Rose Bi Pink/Cream Houdini Summerhouse ECU 40cm,Jet Fresh,$147.22222222222,125,28-Oct-2025,250
Roses,Garden Rose Blush Peach Darlington USA EUFLORIA 60/70cm WETTERisBETTER,Jet Fresh,$329.6,48,28-Oct-2025,96
Roses,Garden Rose Blush Princess Maya ARRIVE ALIVE 40cm,Jet Fresh,$245.33333333333,48,28-Oct-2025,96
Roses,Garden Rose Caramel Antike Cream 40/50 cm,Fresca Farms,$164.26666666667,48,28-Oct-2025,96
Roses,Garden Rose Coral Romantic Antike ECU ARRIVE ALIVE 40cm,Jet Fresh,$151.46666666667,48,11-Nov-2025,144
Roses,Garden Rose Dreamer Spray White 50 cm,Fresca Farms,$188.22222222222,70,29-Oct-2025,140
Roses,Garden Rose Dreamer Spray White 60 cm,Fresca Farms,$176,60,29-Oct-2025,180
Roses,Garden Rose Hot Pink Baronesse ARRIVE ALIVE 40cm,Jet Fresh,$257.06666666667,48,28-Oct-2025,144
Roses,Garden Rose Hot Pink Mammy Blue TAVOLA ECU 50cm,Jet Fresh,$133.33333333333,50,28-Oct-2025,100
Roses,Garden Rose Hot Pink Mammy Blue TAVOLA ECU 60cm,Jet Fresh,$183.33333333333,50,28-Oct-2025,100
Roses,Garden Rose Juliet Peach 40/50 cm,Fresca Farms,$258.13333333333,48,28-Oct-2025,1584
Roses,Garden Rose Keira Pink 40/50 cm,Fresca Farms,$258.13333333333,48,28-Oct-2025,240
Roses,Garden Rose Lavender Queens Crown 50 Cm,EQR,$169.44444444444,125,28-Oct-2025,250
Roses,Garden Rose Light Pink Princess Hitomi ARRIVE ALIVE 40cm,Jet Fresh,$229.33333333333,48,28-Oct-2025,96
Roses,Garden Rose Mayras Bridal Light Pink 50 cm,Fresca Farms,$56,24,28-Oct-2025,96
Roses,Garden Rose Mayras Bright Dark Pink 50 cm,Fresca Farms,$56,24,28-Oct-2025,48
Roses,Garden Rose Mayras Peach Peach 40 cm,Fresca Farms,$58.666666666667,24,28-Oct-2025,96
Roses,Garden Rose Mayras Red Red 40 cm,Fresca Farms,$58.666666666667,24,28-Oct-2025,288
Roses,Garden Rose Mayras Red Red 50 cm,Fresca Farms,$61.866666666667,24,28-Oct-2025,336
Roses,Garden Rose Mayras White White 40 cm,Fresca Farms,$52.8,24,28-Oct-2025,48
Roses,Garden Rose Mayras White White 50 cm,Fresca Farms,$56,24,28-Oct-2025,144
Roses,Garden Rose Millicent Pink 40/50 cm,Fresca Farms,$269.86666666667,48,28-Oct-2025,96
Roses,Garden Rose Miyabi Bi Pink-Peach 40/50 cm,Fresca Farms,$229.33333333333,48,28-Oct-2025,144
Roses,GARDEN ROSE NA CAFE LATTE LT BROWM/ MAUVE 40,VistaFlor,$358.4,48,28-Oct-2025,96
Roses,Garden Rose Patience White 40/50 cm,Fresca Farms,$258.13333333333,48,28-Oct-2025,240
Roses,Garden Rose Peach Campanella ECU 40cm,Jet Fresh,$261.11111111111,125,28-Oct-2025,250
Roses,Garden Rose Peach Campanella ECU 50cm,Jet Fresh,$153.33333333333,50,28-Oct-2025,100
Roses,Garden Rose Peach Campanella ECU 50cm,Jet Fresh,$306.66666666667,100,28-Oct-2025,500
Roses,Garden Rose Peach Campanella ECU 60cm,Jet Fresh,$366.66666666667,100,28-Oct-2025,200
Roses,Garden Rose Peach Caramel Antike ARRIVE ALIVE 40cm,Jet Fresh,$229.33333333333,48,28-Oct-2025,144
Roses,GARDEN ROSE PEACH JULIET 40 40,VistaFlor,$243.2,48,28-Oct-2025,144
Roses,Garden Rose Peach Princess Aiko ARRIVE ALIVE 40cm,Jet Fresh,$245.33333333333,48,28-Oct-2025,144
Roses,Garden Rose Pink Mayra Flamingo ECU 60cm,Jet Fresh,$194.44444444444,50,28-Oct-2025,200
Roses,Garden Rose Pink OHara Pink 40 cm,Fresca Farms,$100.26666666667,48,28-Oct-2025,96
Roses,Garden Rose Pink OHara Pink 50 cm,Fresca Farms,$105.6,48,28-Oct-2025,144
Roses,Garden Rose Pink OHara Pink 60 cm,Fresca Farms,$112,48,28-Oct-2025,240
Roses,Garden Rose Pink Ohara ECU 50cm,Jet Fresh,$193.33333333333,100,29-Oct-2025,200
Roses,Garden Rose Princess Miyuki White 40/50 cm,Fresca Farms,$211.2,48,28-Oct-2025,96
Roses,Garden Rose White Candlelight 40 Cm,EQR,$169.44444444444,125,28-Oct-2025,1500
Roses,Garden Rose White Candlelight 50 Cm,EQR,$183.33333333333,125,28-Oct-2025,1125
Roses,Garden Rose White Cloud ARRIVE ALIVE 40cm,Jet Fresh,$233.6,48,28-Oct-2025,1104
Roses,GARDEN ROSE WHITE DA.PATIENCE WHITE 40 40,VistaFlor,$269.86666666667,48,28-Oct-2025,96
Roses,GARDEN ROSE WHITE GARDEN ROSE WHITE CLOUD 40 40,VistaFlor,$173.86666666667,48,28-Oct-2025,144
Roses,Garden Rose White Mayra ECU 40cm,Jet Fresh,$84.444444444444,50,28-Oct-2025,100
Roses,Garden Rose White Mayra ECU 50cm,Jet Fresh,$92.222222222222,50,28-Oct-2025,500
Roses,Garden Rose White OHara White 50 cm,Fresca Farms,$112,48,28-Oct-2025,240
Roses,Garden Rose White OHara White 60 cm,Fresca Farms,$105.6,48,28-Oct-2025,240
Roses,GARDEN ROSE WHITE OHARA 40,VistaFlor,$161.11111111111,125,28-Oct-2025,250
Roses,Garden Rose White Ohara ECU 40cm,Jet Fresh,$241.66666666667,125,28-Oct-2025,500
Roses,Garden Rose White Ohara ECU 50cm,Jet Fresh,$242.22222222222,100,28-Oct-2025,300
Roses,Garden Rose White Ohara ECU 60cm,Jet Fresh,$242.22222222222,100,29-Oct-2025,400
Roses,Garden Rose White Princess Miyuki ARRIVE ALIVE 40cm,Jet Fresh,$245.33333333333,48,28-Oct-2025,480
Roses,Garden Roses Bicolor Green - Pink Country Secret 50,Royal Flowers,$155.55555555556,100,29-Oct-2025,200
Roses,Garden Roses Orange Free Spirit 50,Royal Flowers,$255.55555555556,100,28-Oct-2025,1700
Roses,Garden Roses Orange Free Spirit 60,Royal Flowers,$255.55555555556,100,28-Oct-2025,300
Roses,Garden Roses Pink Mayras Bridal 60,Royal Flowers,$391.11111111111,100,29-Oct-2025,200
Roses,Garden Roses PInk Sweet 4 Love 50,Royal Flowers,$188.88888888889,100,28-Oct-2025,200
Roses,Garden Roses Red Hearts 50,Royal Flowers,$288.88888888889,100,11-Nov-2025,200
Roses,Garden Roses Red Hearts 50,Royal Flowers,$288.88888888889,100,25-Nov-2025,400
Roses,Garden Roses Red Hearts 60,Royal Flowers,$311.11111111111,100,25-Nov-2025,600
Roses,Garden Roses Spray Asst 50cm Esmeralda,Jet Fresh,$155.88888888889,5,28-Oct-2025,10
Roses,Garden Roses Spray Bi Apricot/Coral Namaskar RED LANDS 50cm,Jet Fresh,$487.77777777778,10,28-Oct-2025,30
Roses,Garden Roses Spray Cream Darlington RED LANDS 60cm,Jet Fresh,$490.44444444444,10,28-Oct-2025,20
Roses,Garden Roses Spray Cream Salinero RED LANDS 60cm,Jet Fresh,$439.77777777778,10,28-Oct-2025,30
Roses,Garden Roses Spray Lavender Furusato RED LANDS 60cm,Jet Fresh,$454.66666666667,10,28-Oct-2025,20
Roses,Garden Roses Spray Light Pink Wedding Rosever ECU 50cm,Jet Fresh,$183.33333333333,10,28-Oct-2025,30
Roses,Garden Roses Spray Pink Julietta ECU ECO ARRIVE ALIVE 40cm,Jet Fresh,$203.2,72,28-Oct-2025,360
Roses,Garden Roses Spray Pink Julietta ECU ECO ARRIVE ALIVE 50cm,Jet Fresh,$264,72,28-Oct-2025,288
Roses,Garden Roses Spray Pink Perky Parasol USA EUFLORIA 70cm WETTERisBETTER,Jet Fresh,$300.17777777778,4,28-Oct-2025,8
Roses,Garden Roses Spray Yellow Fibonacci Gioconda 50cm Esmeralda,Jet Fresh,$146.11111111111,5,28-Oct-2025,45
Roses,Garden Roses Wabara Asst ARRIVE ALIVE 40cm,Jet Fresh,$323.2,48,28-Oct-2025,96
Roses,Garden Roses Wabara Bi Pink Miyabi ARRIVE ALIVE 40cm,Jet Fresh,$327.46666666667,48,28-Oct-2025,96
Roses,RED ROSE RED FREEDOM ECU 25ST 60,VistaFlor,$128.88888888889,100,28-Oct-2025,300
Roses,RED ROSE RED RED ROSE 50CM RED FREEDOM 25 ST(STEMS) 50,VistaFlor,$77.777777777778,100,28-Oct-2025,2200
Roses,RED ROSE RED RED ROSE 60CM RED FREEDOM 25 ST(STEMS) 60,VistaFlor,$88.888888888889,100,28-Oct-2025,3000
Roses,RED ROSES RED BLACK BACCARA 50 50,VistaFlor,$888.88888888889,100,28-Oct-2025,300
Roses,RED ROSES RED HEARTS 70 70,VistaFlor,$266.66666666667,100,28-Oct-2025,200
Roses,ROS ASSORTED ASSORTED 70 70,VistaFlor,$386.66666666667,300,28-Oct-2025,1500
Roses,ROS ASSORTED ASSORTED 80,VistaFlor,$460,300,28-Oct-2025,2400
Roses,ROS BIC Enchantment 60,Tavola,$155.55555555556,100,28-Oct-2025,200
Roses,ROS COR Superstition 60,Tavola,$142.22222222222,100,28-Oct-2025,300
Roses,ROS CRM Cotton X-pression 60,Tavola,$170,75,28-Oct-2025,225
Roses,ROS CRM Cotton X-pression 60,Tavola,$186.66666666667,100,28-Oct-2025,300
Roses,ROS CRM Cotton X-pression 70,Tavola,$148.33333333333,75,28-Oct-2025,1050
Roses,ROS CRM Cotton X-pression 70,Tavola,$197.77777777778,100,28-Oct-2025,600
Roses,ROS CRM Cotton X-pression 80,Tavola,$148.33333333333,75,28-Oct-2025,150
Roses,ROS CRM Cotton X-pression 80,Tavola,$197.77777777778,100,28-Oct-2025,200
Roses,ROS CRM Cream Shimmer 60,Tavola,$231.11111111111,100,28-Oct-2025,200
Roses,ROS CRM Cream Shimmer 70,Tavola,$164.44444444444,100,29-Oct-2025,300
Roses,ROS CRM Creme de la Creme 60,Tavola,$193.33333333333,100,28-Oct-2025,300
Roses,ROS CRM Crystal 50,Tavola,$233.33333333333,125,29-Oct-2025,250
Roses,ROS CRM Crystal 60,Tavola,$193.33333333333,100,28-Oct-2025,200
Roses,ROS CRM Soul 50,Tavola,$180,100,29-Oct-2025,300
Roses,ROS ETN Kahala 70,Tavola,$297.77777777778,100,28-Oct-2025,400
Roses,ROS ETN RP Moab 60,Tavola,$448.88888888889,100,04-Nov-2025,2000
Roses,ROS ETN RP Moab 70,Tavola,$448.88888888889,100,04-Nov-2025,7700
Roses,ROS ETN RP Moab 80,Tavola,$336.66666666667,75,04-Nov-2025,5250
Roses,ROS ETN RP Moab 80,Tavola,$497.77777777778,100,29-Oct-2025,5700
Roses,ROS GRN Green Romance 80,Tavola,$231.11111111111,100,28-Oct-2025,200
Roses,ROS GRN Lemonade 60,Tavola,$173.33333333333,75,29-Oct-2025,150
Roses,ROS GRN Veggie 60,Tavola,$171.11111111111,50,28-Oct-2025,100
Roses,ROS IVO Sandcastle 50,Tavola,$133.33333333333,75,29-Oct-2025,150
Roses,ROS IVO Zen 70,Tavola,$182.22222222222,100,29-Oct-2025,200
Roses,ROS LAV - BIC Deep Purple 50,Tavola,$194.44444444444,125,28-Oct-2025,1625
Roses,ROS LAV - BIC Purple Haze 50,Tavola,$219.44444444444,125,29-Oct-2025,375
Roses,ROS LAV Amnesia 50,Tavola,$219.44444444444,125,28-Oct-2025,250
Roses,ROS LAV Blueberry 50,Tavola,$180,100,28-Oct-2025,200
Roses,ROS LAV Cool Water 50,Tavola,$194.44444444444,125,28-Oct-2025,875
Roses,ROS LAV Cool Water 50,Tavola,$155.55555555556,100,28-Oct-2025,200
Roses,ROS LAV Early Grey 50,Tavola,$166.66666666667,125,28-Oct-2025,500
Roses,ROS LAV Faith 50,Tavola,$166.66666666667,125,28-Oct-2025,750
Roses,ROS LAV Faith 50,Tavola,$133.33333333333,100,28-Oct-2025,500
Roses,ROS LAV Faith 60,Tavola,$175.55555555556,100,28-Oct-2025,200
Roses,ROS LAV Moody Blues 50,Tavola,$194.44444444444,125,29-Oct-2025,250
Roses,ROS LAV Ocean Song 50,Tavola,$175.55555555556,100,28-Oct-2025,1000
Roses,ROS LAV Ocean Song 50,Tavola,$219.44444444444,125,28-Oct-2025,1500
Roses,ROS LAV Queens Crown 50,Tavola,$155.55555555556,100,28-Oct-2025,600
Roses,ROS LAV Shocking Blue 60,Tavola,$175.55555555556,100,29-Oct-2025,300
Roses,ROS LAV Shocking Blue 70,Tavola,$180,100,28-Oct-2025,400
Roses,ROS ORANGE ORANGE CRUSH 40 40,VistaFlor,$426.66666666667,300,28-Oct-2025,600
Roses,ROS ORG Carnelian 50,Tavola,$175.55555555556,100,29-Oct-2025,200
Roses,ROS ORG Coral Reef 50,Tavola,$175.55555555556,100,29-Oct-2025,300
Roses,ROS ORG Dark X-pression 50,Tavola,$206.66666666667,75,28-Oct-2025,150
Roses,ROS ORG Orange Crush 50,Tavola,$175.55555555556,100,28-Oct-2025,1200
Roses,ROS ORG Wild Spirit 70,Tavola,$186.66666666667,100,29-Oct-2025,200
Roses,ROS PCH Dragon Fly 60,Tavola,$131.66666666667,75,29-Oct-2025,225
Roses,ROS PCH Felicity 60,Tavola,$182.22222222222,100,28-Oct-2025,200
Roses,ROS PCH Felicity 70,Tavola,$186.66666666667,100,28-Oct-2025,900
Roses,ROS PCH Mandarin X-pression 60,Tavola,$156.66666666667,75,28-Oct-2025,600
Roses,ROS PCH Mandarin X-pression 70,Tavola,$190,75,28-Oct-2025,375
Roses,ROS PCH Shimmer 70,Tavola,$231.11111111111,100,28-Oct-2025,500
Roses,ROS PCH Shimmer 80,Tavola,$181.66666666667,75,28-Oct-2025,225
Roses,ROS PCH Shimmer 80,Tavola,$242.22222222222,100,28-Oct-2025,500
Roses,ROS PCH Tiffany 50,Tavola,$175.55555555556,100,28-Oct-2025,500
Roses,ROS PCH Tiffany 50,Tavola,$219.44444444444,125,28-Oct-2025,500
Roses,ROS PKB - BIC Esperance 60,Tavola,$171.11111111111,100,28-Oct-2025,600
Roses,ROS PKB - BIC Esperance 70,Tavola,$155.55555555556,100,28-Oct-2025,200
Roses,ROS PKB - BIC Sweetness 60,Tavola,$191.11111111111,100,29-Oct-2025,200
Roses,ROS PKH Full Monty 50,Tavola,$175.55555555556,100,28-Oct-2025,800
Roses,ROS PKH Full Monty 60,Tavola,$140,75,29-Oct-2025,150
Roses,ROS PKH Gotcha 70,Tavola,$182.22222222222,100,28-Oct-2025,200
Roses,ROS PKH Hot Carpe Diem 50,Tavola,$182.22222222222,100,28-Oct-2025,400
Roses,ROS PKH Hot Carpe Diem 60,Tavola,$204.44444444444,100,28-Oct-2025,200
Roses,ROS PKH Hot Pink Mayra 50,Tavola,$197.77777777778,100,29-Oct-2025,400
Roses,ROS PKH Hot Pink Mayra 60,Tavola,$177.77777777778,100,28-Oct-2025,300
Roses,ROS PKH Hot Shot 50,Tavola,$180,100,28-Oct-2025,200
Roses,ROS PKH Hotspot 50,Tavola,$131.66666666667,75,28-Oct-2025,1275
Roses,ROS PKH Hotspot 60,Tavola,$136.66666666667,75,28-Oct-2025,300
Roses,ROS PKH Pink Floyd 50,Tavola,$175.55555555556,100,29-Oct-2025,400
Roses,ROS PKH Pink Floyd 60,Tavola,$182.22222222222,100,28-Oct-2025,300
Roses,ROS PKH Pink Floyd 70,Tavola,$193.33333333333,100,28-Oct-2025,300
Roses,ROS PKH Queenberry 50,Tavola,$182.22222222222,100,29-Oct-2025,200
Roses,ROS PKH Queenberry 70,Tavola,$197.77777777778,100,28-Oct-2025,200
Roses,ROS PKH Topaz 50,Tavola,$197.77777777778,100,28-Oct-2025,200
Roses,ROS PKL Aly 50,Tavola,$219.44444444444,125,29-Oct-2025,250
Roses,ROS PKL Christa 50,Tavola,$177.77777777778,100,28-Oct-2025,700
Roses,ROS PKL Christa 50,Tavola,$222.22222222222,125,29-Oct-2025,1000
Roses,ROS PKL Hermosa 80,Tavola,$195,75,28-Oct-2025,150
Roses,ROS PKL Jessika 50,Tavola,$164.44444444444,100,28-Oct-2025,700
Roses,ROS PKL Mother of Pearl 70,Tavola,$200,100,28-Oct-2025,500
Roses,ROS PKL Nena 50,Tavola,$175.55555555556,100,28-Oct-2025,2200
Roses,ROS PKL Pink Babaloo 50,Tavola,$182.22222222222,100,29-Oct-2025,200
Roses,ROS PKL Princess Crown 50,Tavola,$131.66666666667,75,29-Oct-2025,150
Roses,ROS PKL Sweet Akito 50,Tavola,$194.44444444444,125,28-Oct-2025,250
Roses,ROS PKL Sweet Escimo 50,Tavola,$148.88888888889,100,28-Oct-2025,1800
Roses,ROS PKL Titanic 60,Tavola,$186.66666666667,100,29-Oct-2025,200
Roses,ROS PKM Candy X-pression 50,Tavola,$190,75,28-Oct-2025,600
Roses,ROS PKM Candy X-pression 50,Tavola,$253.33333333333,100,28-Oct-2025,600
Roses,ROS PKM Candy X-pression 60,Tavola,$190,75,28-Oct-2025,675
Roses,ROS PKM Frutteto 50,Tavola,$182.22222222222,100,29-Oct-2025,200
Roses,ROS PKM Geraldine 50,Tavola,$175.55555555556,100,29-Oct-2025,800
Roses,ROS PKM Hot Escimo 50,Tavola,$160,100,28-Oct-2025,400
Roses,ROS PKM Miss Piggy 50,Tavola,$219.44444444444,125,28-Oct-2025,875
Roses,ROS PKM Miss Piggy 60,Tavola,$182.22222222222,100,28-Oct-2025,500
Roses,ROS PKM Rosita Vendela 50,Tavola,$194.44444444444,125,28-Oct-2025,250
Roses,ROS PKM Rosita Vendela 60,Tavola,$175.55555555556,100,29-Oct-2025,400
Roses,ROS PKM RP Flamingo 50,Tavola,$175.55555555556,100,28-Oct-2025,3400
Roses,ROS PKM Sweet 4 Love 50,Tavola,$208.88888888889,100,28-Oct-2025,200
Roses,ROS PKM Sweet Memory 50,Tavola,$171.11111111111,100,29-Oct-2025,200
Roses,ROS PKM Sweet Unique 50,Tavola,$171.11111111111,100,29-Oct-2025,800
Roses,ROS RED Born Free 60,Tavola,$171.11111111111,100,29-Oct-2025,200
Roses,ROS RED Explorer 50,Tavola,$175.55555555556,100,29-Oct-2025,300
Roses,ROS RED Explorer 60,Tavola,$182.22222222222,100,28-Oct-2025,900
Roses,ROS RED Explorer 70,Tavola,$197.77777777778,100,28-Oct-2025,1500
Roses,ROS RED Explorer 80,Tavola,$153.33333333333,75,29-Oct-2025,300
Roses,ROS RED Explorer 80,Tavola,$204.44444444444,100,28-Oct-2025,1500
Roses,ROS RED Freedom 50,Tavola,$171.11111111111,100,28-Oct-2025,900
Roses,ROS RED Freedom 50,Tavola,$213.88888888889,125,28-Oct-2025,1625
Roses,ROS RED Freedom 50,Tavola,$342.22222222222,200,28-Oct-2025,400
Roses,ROS RED Freedom 60,Tavola,$182.22222222222,100,29-Oct-2025,2400
Roses,ROS RED Freedom 70,Tavola,$193.33333333333,100,28-Oct-2025,8200
Roses,ROS RED Freedom 80,Tavola,$193.33333333333,100,28-Oct-2025,5100
Roses,ROS RED Redvolution 50,Tavola,$175.55555555556,100,28-Oct-2025,200
Roses,ROS RED Redvolution 60,Tavola,$186.66666666667,100,29-Oct-2025,200
Roses,ROS SAN Quicksand 50,Tavola,$427.77777777778,125,28-Oct-2025,750
Roses,ROS SAN Quicksand 50,Tavola,$342.22222222222,100,28-Oct-2025,700
Roses,ROS SAN Quicksand 60,Tavola,$331.11111111111,100,28-Oct-2025,500
Roses,ROS SAN Quicksand 70,Tavola,$342.22222222222,100,28-Oct-2025,500
Roses,ROS WHITE ESCIMO WHITE 40 40,VistaFlor,$127.77777777778,125,28-Oct-2025,375
Roses,ROS WHT Akito 50,Tavola,$171.11111111111,100,28-Oct-2025,1300
Roses,ROS WHT Candlelight 50,Tavola,$133.33333333333,75,28-Oct-2025,825
Roses,ROS WHT Coldplay 70,Tavola,$208.88888888889,100,28-Oct-2025,200
Roses,ROS WHT Escimo 40,Tavola,$175.55555555556,100,28-Oct-2025,1200
Roses,ROS WHT Mia 70,Tavola,$208.88888888889,100,28-Oct-2025,200
Roses,ROS WHT Mondial 50,Tavola,$175.55555555556,100,28-Oct-2025,2200
Roses,ROS WHT Mondial 60,Tavola,$182.22222222222,100,28-Oct-2025,900
Roses,ROS WHT Mondial 70,Tavola,$193.33333333333,100,29-Oct-2025,400
Roses,ROS WHT Mondial 80,Tavola,$153.33333333333,75,29-Oct-2025,450
Roses,ROS WHT Moonstone 70,Tavola,$133.33333333333,75,28-Oct-2025,600
Roses,ROS WHT Moonstone 80,Tavola,$133.33333333333,75,28-Oct-2025,225
Roses,ROS WHT Playa Blanca 50,Tavola,$275.55555555556,100,28-Oct-2025,200
Roses,ROS WHT Playa Blanca 70,Tavola,$275.55555555556,100,28-Oct-2025,6100
Roses,ROS WHT Playa Blanca 80,Tavola,$275.55555555556,100,28-Oct-2025,2800
Roses,ROS WHT Playa Blanca Mix,Tavola,$253.33333333333,100,28-Oct-2025,200
Roses,ROS WHT Polar Star 50,Tavola,$182.22222222222,100,28-Oct-2025,200
Roses,ROS WHT Polo 50,Tavola,$164.44444444444,100,28-Oct-2025,200
Roses,ROS WHT Polo 60,Tavola,$182.22222222222,100,28-Oct-2025,400
Roses,ROS WHT Polo 70,Tavola,$186.66666666667,100,28-Oct-2025,800
Roses,ROS WHT RP Tundra 50,Tavola,$182.22222222222,100,28-Oct-2025,200
Roses,ROS WHT Tibet 50,Tavola,$241.66666666667,125,28-Oct-2025,250
Roses,ROS WHT Tibet 50,Tavola,$193.33333333333,100,28-Oct-2025,2500
Roses,ROS WHT Tibet 70,Tavola,$253.33333333333,100,28-Oct-2025,200
Roses,ROS WHT Vendela 60,Tavola,$164.44444444444,100,29-Oct-2025,600
Roses,ROS WHT Vendela 70,Tavola,$160,100,28-Oct-2025,300
Roses,ROS YLW - BIC High & Yellow Flame 50,Tavola,$194.44444444444,125,29-Oct-2025,250
Roses,ROS YLW Brighton 80,Tavola,$186.66666666667,100,28-Oct-2025,200
Roses,ROS YLW High & Exotic 50,Tavola,$202.22222222222,100,29-Oct-2025,200
Roses,ROS YLW Idole 50,Tavola,$263.33333333333,150,28-Oct-2025,750
Roses,ROS YLW Kings Cross 70,Tavola,$197.77777777778,100,29-Oct-2025,300
Roses,ROS YLW Kings Cross 80,Tavola,$151.66666666667,75,28-Oct-2025,375
Roses,ROS YLW Light House 50,Tavola,$219.44444444444,125,28-Oct-2025,500
Roses,ROS YLW Momentum 70,Tavola,$182.22222222222,100,28-Oct-2025,700
Roses,ROS YLW Momentum 80,Tavola,$140,75,28-Oct-2025,150
Roses,ROS YLW Super Sun 50,Tavola,$241.66666666667,125,29-Oct-2025,250
Roses,ROS YLW Super Sun 60,Tavola,$204.44444444444,100,29-Oct-2025,300
Roses,Rose (Garden) Caramel Antique 40/50 cm,Allure Farms,$122.66666666667,48,28-Oct-2025,192
Roses,Rose (Garden) Orange Reeva,Allure Farms,$105.55555555556,50,30-Oct-2025,100
Roses,Rose (Garden) Peach David Austin Juliet,Allure Farms,$201.6,48,28-Oct-2025,144
Roses,Rose (Garden) Peach Princess Maya,Allure Farms,$201.6,48,28-Oct-2025,96
Roses,Rose (Garden) Pink Mayra Rose 60 cm,Allure Farms,$197.77777777778,100,29-Oct-2025,200
Roses,Rose (Garden) Pink Ohara 50 cm,Allure Farms,$330.55555555556,125,29-Oct-2025,250
Roses,Rose (Garden) Red Hearts 60 cm,Allure Farms,$277.77777777778,100,30-Oct-2025,200
Roses,Rose (Garden) Red Hearts 70 cm,Allure Farms,$300,100,31-Oct-2025,200
Roses,Rose (Garden) Salmon Coral Mandarin Xpression 60 cm EC,Allure Farms,$248.88888888889,100,29-Oct-2025,303
Roses,Rose (Garden) White Blush Ohara 50 cm,Allure Farms,$347.22222222222,125,31-Oct-2025,375
Roses,Rose (Garden) White Cloud,Allure Farms,$201.6,48,28-Oct-2025,96
Roses,Rose (Garden) White David Austin Patience,Allure Farms,$240,48,28-Oct-2025,144
Roses,Rose (Garden) White Ivory Moonstone 50 cm,Allure Farms,$220,100,28-Oct-2025,200
Roses,Rose (Garden) White Playa Blanca 50 cm,Allure Farms,$275,125,31-Oct-2025,625
Roses,Rose (Garden) White Playa Blanca 60 cm,Allure Farms,$277.77777777778,100,29-Oct-2025,239
Roses,Rose (Garden) White Playa Blanca 70 cm,Allure Farms,$300,100,28-Oct-2025,307
Roses,Rose (Spray) Assorted 40 cm,Allure Farms,$133.33333333333,80,28-Oct-2025,240
Roses,Rose (Spray) Red Mikado 40 cm,Allure Farms,$104.88888888889,80,28-Oct-2025,400
Roses,Rose (Spray) Red Mikado 50 cm,Allure Farms,$184,120,28-Oct-2025,240
Roses,Rose Aloha Orange 50 cm,Fresca Farms,$191.11111111111,100,28-Oct-2025,300
Roses,Rose Applause Blue  50 cm,Fresca Farms,$135.55555555556,100,28-Oct-2025,800
Roses,Rose Arusha Tinted Terracota 50 cm,Fresca Farms,$293.33333333333,100,28-Oct-2025,500
Roses,Rose Assorted 40 cm,Stellar Farms,$280,300,28-Oct-2025,3000
Roses,Rose Assorted 40 cm,Stellar Farms,$280,300,28-Oct-2025,3000
Roses,ROSE ASSORTED 40CM,SunBurst Farms,$127.77777777778,125,28-Oct-2025,375
Roses,Rose Assorted 50 cm,Fresca Farms,$106.66666666667,100,28-Oct-2025,1500
Roses,Rose Assorted 50 cm,Stellar Farms,$283.33333333333,250,28-Oct-2025,2500
Roses,Rose Assorted 60 cm,Stellar Farms,$266.66666666667,200,28-Oct-2025,2000
Roses,Rose Assorted 60 cm,Fresca Farms,$135.55555555556,100,28-Oct-2025,600
Roses,ROSE ASSORTED ASSORTED ECU 60,VistaFlor,$140,100,28-Oct-2025,2300
Roses,ROSE ASSORTED ECUADOR 40CM,SunBurst Farms,$163.88888888889,125,28-Oct-2025,625
Roses,ROSE ASSORTED ECUADOR 60CM,SunBurst Farms,$300,150,28-Oct-2025,300
Roses,ROSE ASSORTED ECUADOR 60CM,SunBurst Farms,$177.77777777778,100,28-Oct-2025,300
Roses,Rose Assorted Euro Cut 60 cm,Stellar Farms,$361.11111111111,250,28-Oct-2025,500
Roses,Rose Assorted G 50,Galleria Farms,$124.44444444444,100,04-Nov-2025,300
Roses,Rose Assorted G 60,Galleria Farms,$124.44444444444,100,04-Nov-2025,200
Roses,Rose Asst #NICES Mix ECU JFG 50cm,Jet Fresh,$302.22222222222,200,28-Oct-2025,1800
Roses,Rose Asst #NICES Mix ECU JFG 60cm,Jet Fresh,$291.66666666667,175,28-Oct-2025,875
Roses,Rose Asst #NICES Mix ECU JFG 80cm,Jet Fresh,$313.33333333333,150,28-Oct-2025,750
Roses,Rose Asst #SUPER NICE Mix ECU JFG 40cm,Jet Fresh,$366.66666666667,300,28-Oct-2025,600
Roses,Rose Asst #SUPER NICE Mix ECU JFG 70cm,Jet Fresh,$300,150,28-Oct-2025,900
Roses,Rose Asst 40cm,Jet Fresh,$280,300,29-Oct-2025,900
Roses,Rose Asst 50cm,Jet Fresh,$353.33333333333,300,29-Oct-2025,600
Roses,ROSE ASST COLOR 50CM,Pinnacle Flowers,$131.11111111111,100,28-Oct-2025,400
Roses,Rose Asst Colors ECU 40cm,Sole Farms,$213.33333333333,200,28-Oct-2025,1400
Roses,Rose Asst Colors ECU 50cm,Sole Farms,$213.88888888889,175,28-Oct-2025,1750
Roses,Rose Asst Colors ECU 60cm,Sole Farms,$200,150,28-Oct-2025,2100
Roses,Rose Asst GARDEN ECU 40cm,Sole Farms,$110.93333333333,96,29-Oct-2025,192
Roses,Rose Asst GARDEN ECU 50cm,Sole Farms,$123.73333333333,96,28-Oct-2025,1248
Roses,"ROSE ASST RED, WHT, PNK, NOV (3RAT-G016) 60CM",Golden Flowers,$120,100,28-Oct-2025,1600
Roses,"ROSE ASST Tpack-WH,LV,NOV, DRK PNK, PK 2RC0-G011) 50CM",Golden Flowers,$173.33333333333,200,28-Oct-2025,5400
Roses,Rose Be Sweet Light Pink 60 cm,Stellar Farms,$144.44444444444,100,28-Oct-2025,400
Roses,Rose Be Sweet Pink 50 cm,Fresca Farms,$126.66666666667,100,29-Oct-2025,200
Roses,Rose Be Sweet Pink 60 cm,Fresca Farms,$131.11111111111,100,28-Oct-2025,200
Roses,Rose Be Sweet Pink 70 cm,Fresca Farms,$137.77777777778,100,28-Oct-2025,500
Roses,ROSE BEIGE COMBO 40CM,WAFEX,$511.11111111111,125,28-Oct-2025,500
Roses,ROSE BEIGE HEART OF GOLD 40CM,WAFEX,$369.44444444444,125,28-Oct-2025,250
Roses,ROSE BEIGE QUICKSAND 70CM,WAFEX,$248.88888888889,100,28-Oct-2025,200
Roses,ROSE BEIGE TEDDYS 60CM,WAFEX,$431.11111111111,100,28-Oct-2025,200
Roses,Rose Bella Donna Yellow 40 cm,Fresca Farms,$116.66666666667,125,28-Oct-2025,750
Roses,Rose Bella Donna Yellow 50 cm,Fresca Farms,$120,100,28-Oct-2025,3600
Roses,Rose Bella Donna Yellow 60 cm,Fresca Farms,$151.11111111111,100,29-Oct-2025,300
Roses,Rose Bella Red 50 cm,Fresca Farms,$122.22222222222,100,28-Oct-2025,600
Roses,Rose Bella Red 60 cm,Fresca Farms,$151.11111111111,100,28-Oct-2025,1600
Roses,Rose Bella Red 70 cm,Fresca Farms,$155.55555555556,100,28-Oct-2025,600
Roses,ROSE BI COLOR ESPANA 50CM,WAFEX,$252.77777777778,125,29-Oct-2025,250
Roses,Rose Bi Coral Pink Flamingo TAVOLA  ECU 40cm,Jet Fresh,$158.33333333333,125,28-Oct-2025,1250
Roses,Rose Bi Coral Pink Flamingo TAVOLA  ECU 50cm,Jet Fresh,$160,100,28-Oct-2025,900
Roses,Rose Bi Cr/Pk/Wh/Lav Silver Shadow ECU 50cm,Jet Fresh,$166.66666666667,125,28-Oct-2025,250
Roses,Rose Bi Lavender/Cerise Meli 50cm,Jet Fresh,$141.66666666667,125,28-Oct-2025,375
Roses,Rose Bi Or/Ye Summerfield 40cm,Jet Fresh,$152.77777777778,125,29-Oct-2025,250
Roses,Rose Bi Or/Ye/Rd Free Spirit Garden Like ECU 40cm,Jet Fresh,$200,125,28-Oct-2025,1750
Roses,Rose Bi Or/Ye/Rd Free Spirit Garden Like TAVOLA ECU 40cm,Jet Fresh,$202.77777777778,125,28-Oct-2025,2875
Roses,Rose Bi Pink Miss Piggy ECU 60cm,Jet Fresh,$184.44444444444,100,28-Oct-2025,200
Roses,Rose Bi Pink Miss Piggy ECU JFG 40cm,Jet Fresh,$169.44444444444,125,28-Oct-2025,250
Roses,Rose Bi Pink Wild Miss Piggy ECU JFG 40cm,Jet Fresh,$177.77777777778,125,29-Oct-2025,250
Roses,Rose Bi Wh/Pk/Red Bluez Like Fire & Ice ECU JFG 60cm,Jet Fresh,$208.33333333333,125,29-Oct-2025,250
Roses,Rose Bi Ye/Or Newsflash ECU 50cm,Jet Fresh,$200,125,28-Oct-2025,250
Roses,Rose Bi Yellow w/Red Tips High & Flame TAVOLA BY R.P. ECU 40cm,Jet Fresh,$158.33333333333,125,28-Oct-2025,375
Roses,Rose Bi Yellow w/Red Tips High & Flame TAVOLA BY R.P. ECU 50cm,Jet Fresh,$155.55555555556,100,28-Oct-2025,900
Roses,Rose Bianco White 50 cm,Fresca Farms,$211.11111111111,100,29-Oct-2025,200
Roses,Rose Bicolor Coral/Pch/Pk Kahala ECU 50cm,Jet Fresh,$186.11111111111,125,28-Oct-2025,375
Roses,Rose Bicolor G 50 Quicksand,Galleria Farms,$186.66666666667,100,28-Oct-2025,500
Roses,Rose Bicolor Purple Violet Hill 60cm,Stellar Farms,$137.77777777778,100,28-Oct-2025,200
Roses,Rose Black Tint 50 cm,Allure Farms,$161.11111111111,50,28-Oct-2025,100
Roses,Rose Black Tint Dyed 60 cm,Allure Farms,$408.88888888889,100,28-Oct-2025,200
Roses,Rose Blueberry Lavender 40 cm,Fresca Farms,$111.11111111111,125,28-Oct-2025,1500
Roses,Rose Blueberry Lavender 50 cm,Fresca Farms,$122.22222222222,100,29-Oct-2025,200
Roses,ROSE BLUSH PINK FRUTTETO ECUADOR 60CM,SunBurst Farms,$217.77777777778,100,28-Oct-2025,300
Roses,Rose Blush Pink Pomarosa ECU 50cm,Sole Farms,$128.88888888889,100,05-Nov-2025,200
Roses,Rose Bone Cream White 50 cm,Fresca Farms,$200,100,28-Oct-2025,200
Roses,Rose Brighton Yellow 40 cm,Fresca Farms,$141.66666666667,125,28-Oct-2025,1625
Roses,Rose Brighton Yellow 50 cm,Fresca Farms,$166.66666666667,100,28-Oct-2025,900
Roses,Rose Burgundy Wine Venturoso Garden Like JFG ECU 40cm,Jet Fresh,$200,125,29-Oct-2025,375
Roses,Rose Calixta Cream 60 cm,Fresca Farms,$142.22222222222,100,28-Oct-2025,200
Roses,Rose Cappuccino 35 cm,Allure Farms,$244.44444444444,40,28-Oct-2025,80
Roses,Rose Cappuccino 35 cm,Allure Farms,$588.88888888889,100,28-Oct-2025,200
Roses,Rose Cappuccino 35 cm,Allure Farms,$471.11111111111,80,28-Oct-2025,160
Roses,Rose Caramel Brown Tinted Toffee 50 cm,Allure Farms,$194.44444444444,50,28-Oct-2025,200
Roses,Rose Caramel Moab 70 cm,Allure Farms,$555.55555555556,100,29-Oct-2025,300
Roses,Rose Carnelian Orange 50 cm,Fresca Farms,$146.66666666667,100,28-Oct-2025,200
Roses,Rose Cioccolato Tinted Brown 50 cm,Fresca Farms,$293.33333333333,100,28-Oct-2025,400
Roses,ROSE COLOR ENH FALL HARVEST BUNCH ECUADOR 50CM,SunBurst Farms,$328.88888888889,100,31-Oct-2025,200
Roses,ROSE COLOR ENH RAINBOW PRIDE TINT ECUADOR 50CM,SunBurst Farms,$311.11111111111,100,28-Oct-2025,300
Roses,Rose Color Enhanced Autumn Mix ECU Hippy Psychedelic JFG 50cm,Jet Fresh,$388.88888888889,100,28-Oct-2025,300
Roses,Rose Color Enhanced Desert Sand ECU Hippy Psychedelic JFG 50cm,Jet Fresh,$202.22222222222,50,28-Oct-2025,100
Roses,Rose Color Enhanced Toffe Color Frappucino ECU Hippy Psychedelic JFG 50cm,Jet Fresh,$194.44444444444,50,29-Oct-2025,800
Roses,Rose Cool Down Lavender 50 cm,Fresca Farms,$113.33333333333,100,28-Oct-2025,600
Roses,Rose Cool Down Lavender 60 cm,Fresca Farms,$117.77777777778,100,28-Oct-2025,1800
Roses,Rose Cool Down Lavender 70 cm,Fresca Farms,$126.66666666667,100,28-Oct-2025,1100
Roses,Rose Cool Water Lavender 40 cm,Fresca Farms,$111.11111111111,125,28-Oct-2025,250
Roses,Rose Cool Water Lavender 50 cm,Fresca Farms,$117.77777777778,100,28-Oct-2025,500
Roses,Rose Coral Reef Coral 50 cm,Fresca Farms,$171.11111111111,100,28-Oct-2025,200
Roses,Rose Coral Salmon Miss Piggy 50 cm,Allure Farms,$236.11111111111,125,29-Oct-2025,375
Roses,Rose Cotton Candy Dark Pink 50 cm,Fresca Farms,$117.77777777778,100,28-Oct-2025,200
Roses,ROSE COTTON X-PRESSION 50CM BLUSH PINK,Much Flowers,$211.11111111111,100,04-Nov-2025,200
Roses,Rose Country Aquarell Salmon Pink 40 cm,Fresca Farms,$97.222222222222,125,28-Oct-2025,1750
Roses,Rose Country Aquarell Salmon Pink 50 cm,Fresca Farms,$106.66666666667,100,28-Oct-2025,4400
Roses,Rose Country Aquarell Salmon Pink 60 cm,Fresca Farms,$117.77777777778,100,29-Oct-2025,200
Roses,Rose Country Blues Mauve Pink 40 cm,Fresca Farms,$102.77777777778,125,28-Oct-2025,500
Roses,Rose Country X Salmon Pink 50 cm,Fresca Farms,$106.66666666667,100,29-Oct-2025,200
Roses,Rose Cream Enigma ECU JFG 50cm,Jet Fresh,$183.33333333333,125,29-Oct-2025,250
Roses,Rose Cream Garden Candle Light ECU 40cm,Sole Farms,$122.22222222222,100,28-Oct-2025,300
Roses,Rose Cream Garden Cream Xpression ECU 60cm,Sole Farms,$108.33333333333,75,28-Oct-2025,225
Roses,Rose Cream Mondial ECU 40cm,Sole Farms,$122.22222222222,100,28-Oct-2025,200
Roses,Rose Cream Mondial ECU 50cm,Sole Farms,$133.33333333333,100,28-Oct-2025,1200
Roses,Rose Cream Mondial ECU 60cm,Sole Farms,$108.33333333333,75,28-Oct-2025,3375
Roses,ROSE CREAM ROSE 50CM CRE QUICKSAND 25 ST(STEMS) 50,VistaFlor,$204.44444444444,100,28-Oct-2025,200
Roses,Rose Cream Wedding Spirit Garden Like TAVOLA BY R.P. ECU 50cm,Jet Fresh,$144.44444444444,100,28-Oct-2025,200
Roses,Rose Creamy Yellow Turtle ECU 50cm,Jet Fresh,$217.77777777778,100,28-Oct-2025,300
Roses,Rose Dark Magenta Venturoso Garden Like ECU JFG 30cm,Jet Fresh,$169.44444444444,125,29-Oct-2025,500
Roses,Rose Dark Pink ECU Merlot 50cm,Jet Fresh,$161.11111111111,125,28-Oct-2025,375
Roses,ROSE DARK PINK FULL MONTY 50,VistaFlor,$140,100,28-Oct-2025,200
Roses,Rose Dark Pink Hot Explorer ECU 60cm,Jet Fresh,$184.44444444444,100,28-Oct-2025,500
Roses,ROSE DARK PINK ROSE 50CM DPK COTTON CANDY 25 ST(STEMS) 50,VistaFlor,$115.55555555556,100,28-Oct-2025,400
Roses,ROSE DARK PINK ROSE 50CM DPK PINK FLOYD 25 ST(STEMS) 50,VistaFlor,$140,100,28-Oct-2025,200
Roses,Rose Deep Purple Lavender 40 cm,Fresca Farms,$111.11111111111,125,28-Oct-2025,625
Roses,Rose Deep Purple Lavender 50 cm,Fresca Farms,$117.77777777778,100,28-Oct-2025,400
Roses,Rose Deep Silver Lavender 60 cm,Stellar Farms,$137.77777777778,100,28-Oct-2025,200
Roses,Rose Deja Vu Yellow 50 cm,Stellar Farms,$152.77777777778,125,28-Oct-2025,250
Roses,Rose Desert Peach 40 cm,Fresca Farms,$111.11111111111,125,28-Oct-2025,875
Roses,Rose Desert Peach 50 cm,Fresca Farms,$113.33333333333,100,28-Oct-2025,900
Roses,ROSE DRK ORG B/C HIGH & ORANGE MAGIC 50CM,SunBurst Farms,$200,100,11-Nov-2025,200
Roses,Rose Earth Gold Heart of Gold JFG ECU 40cm,Jet Fresh,$536.11111111111,125,28-Oct-2025,500
Roses,Rose Earth Tan Symbol ECU JFG 40cm,Jet Fresh,$202.22222222222,50,28-Oct-2025,200
Roses,Rose Earth Tone Moab ECU 70cm,Jet Fresh,$486.66666666667,100,04-Nov-2025,900
Roses,Rose Escimo White 60 cm,Fresca Farms,$162.22222222222,100,28-Oct-2025,200
Roses,Rose Explorer Red 60 cm,Fresca Farms,$184.44444444444,100,29-Oct-2025,300
Roses,ROSE FALL 50CM,SunBurst Farms,$164.44444444444,100,28-Oct-2025,400
Roses,ROSE FALL ASSORTED F2F 40CM,SunBurst Farms,$155.55555555556,125,28-Oct-2025,125
Roses,ROSE FALL ASSORTED F2F 50CM,SunBurst Farms,$162.22222222222,100,28-Oct-2025,400
Roses,ROSE FALL ECUADOR 50CM,SunBurst Farms,$197.77777777778,100,28-Oct-2025,200
Roses,ROSE FALL ECUADOR 50CM,SunBurst Farms,$247.22222222222,125,28-Oct-2025,500
Roses,Rose Fall Pack 40cm,Sole Farms,$133.33333333333,100,28-Oct-2025,2300
Roses,Rose Fortune Red 50 cm,Fresca Farms,$137.77777777778,100,28-Oct-2025,200
Roses,Rose Fortune Red 60 cm,Fresca Farms,$151.11111111111,100,28-Oct-2025,300
Roses,Rose Free Spirit Orange 40 cm,Fresca Farms,$183.33333333333,125,28-Oct-2025,500
Roses,ROSE FREEDOM 60CM RED,Much Flowers,$133.33333333333,100,04-Nov-2025,200
Roses,Rose Freedom Platinum Cut Red 40 cm,Fresca Farms,$141.66666666667,125,28-Oct-2025,1125
Roses,Rose Freedom Platinum Cut Red 50 cm,Fresca Farms,$126.66666666667,100,28-Oct-2025,1900
Roses,Rose Freedom Platinum Cut Red 60 cm,Fresca Farms,$137.77777777778,100,28-Oct-2025,2400
Roses,Rose Freedom Platinum Cut Red 70 cm,Fresca Farms,$151.11111111111,100,28-Oct-2025,2000
Roses,Rose Freedom Red 120 cm,Fresca Farms,$233.33333333333,100,28-Oct-2025,400
Roses,Rose Freedom Red 40 cm,Fresca Farms,$116.66666666667,125,28-Oct-2025,4375
Roses,Rose Freedom Red 50 cm,Fresca Farms,$106.66666666667,100,28-Oct-2025,9100
Roses,Rose Freedom Red 50 cm,Stellar Farms,$152.77777777778,125,28-Oct-2025,750
Roses,Rose Freedom Red 60 cm,Fresca Farms,$126.66666666667,100,28-Oct-2025,9800
Roses,Rose Freedom Red 60 cm,Fresca Farms,$126.66666666667,100,28-Oct-2025,9800
Roses,Rose Freedom Red 70 cm,Fresca Farms,$142.22222222222,100,28-Oct-2025,5700
Roses,ROSE GARDEN CREAM IVORY COTTON X-PRESSION 50CM,SunBurst Farms,$200,100,28-Oct-2025,400
Roses,ROSE GARDEN LT PINK OHARA 40CM,SunBurst Farms,$171.73333333333,48,29-Oct-2025,96
Roses,ROSE GOLD COMBO ECUADOR 40CM,SunBurst Farms,$544.44444444444,125,28-Oct-2025,250
Roses,Rose Golden Orange Tycoon ECU 40cm,Jet Fresh,$200,125,28-Oct-2025,250
Roses,Rose Green Super Green Garden Like ECU JFG 40cm,Jet Fresh,$211.11111111111,125,29-Oct-2025,250
Roses,Rose Green Veggie ECU 40cm,Jet Fresh,$577.77777777778,125,28-Oct-2025,250
Roses,Rose Green Veggie ECU 50cm,Jet Fresh,$486.66666666667,100,28-Oct-2025,200
Roses,Rose Happy Bride 50 cm,Fresca Farms,$104.44444444444,100,28-Oct-2025,3800
Roses,Rose Happy Bride Pink 40 cm,Fresca Farms,$111.11111111111,125,28-Oct-2025,500
Roses,Rose Happy Bride White 60 cm,Fresca Farms,$117.77777777778,100,28-Oct-2025,2700
Roses,Rose Happy Bride White 70 cm,Fresca Farms,$126.66666666667,100,29-Oct-2025,300
Roses,Rose High & Magic Bi Yellow 50 cm,Fresca Farms,$180,100,28-Oct-2025,200
Roses,Rose High & Magic Bicolor 50 cm,Stellar Farms,$144.44444444444,100,28-Oct-2025,200
Roses,Rose High & Yellow Magic ECU 50cm,Jet Fresh,$180.55555555556,125,28-Oct-2025,1000
Roses,Rose Hot Explorer Dark Pink 50 cm,Fresca Farms,$122.22222222222,100,28-Oct-2025,300
Roses,Rose Hot Explorer Dark Pink 70 cm,Fresca Farms,$142.22222222222,100,28-Oct-2025,400
Roses,Rose Hot Lady Dark Pink 50 cm,Fresca Farms,$122.22222222222,100,28-Oct-2025,200
Roses,Rose Hot Pink Dark Crown Garden Like ECU 50cm,Jet Fresh,$111.11111111111,100,28-Oct-2025,200
Roses,Rose Hot Pink Full Monty ECU 40cm,Sole Farms,$106.66666666667,100,28-Oct-2025,200
Roses,Rose Hot Pink Full Monty ECU 50cm,Jet Fresh,$177.77777777778,125,28-Oct-2025,250
Roses,Rose Hot Pink Full Monty ECU 50cm,Sole Farms,$128.88888888889,100,29-Oct-2025,300
Roses,Rose Hot Pink Full Monty ECU JFG 50cm,Jet Fresh,$200,125,29-Oct-2025,250
Roses,Rose Hot Pink G 50 Lola,Galleria Farms,$153.33333333333,100,30-Oct-2025,200
Roses,Rose Hot Pink G 50 Pink Floyd,Galleria Farms,$131.11111111111,100,28-Oct-2025,300
Roses,Rose Hot Pink G 50 Sweet Unique,Galleria Farms,$126.66666666667,100,30-Oct-2025,200
Roses,Rose Hot Pink G 60 Pink Floyd,Galleria Farms,$1553.3333333333,100,30-Oct-2025,300
Roses,Rose Hot Pink Hot Explorer ECU 60cm,Sole Farms,$108.33333333333,75,28-Oct-2025,225
Roses,ROSE HOT PINK LOLA 40CM,SunBurst Farms,$141.66666666667,125,28-Oct-2025,250
Roses,Rose Hot Pink Pink Floyd ECU 50cm,Jet Fresh,$163.88888888889,125,28-Oct-2025,250
Roses,Rose Hot Pink Pink Floyd ECU 50cm,Sole Farms,$128.88888888889,100,29-Oct-2025,200
Roses,Rose Hot Pink Pink Floyd ECU 60cm,Sole Farms,$108.33333333333,75,28-Oct-2025,150
Roses,Rose Hot Pink Pink Floyd ECU 60cm,Jet Fresh,$180.55555555556,125,28-Oct-2025,250
Roses,Rose Hot Pink V.I.Pink 40cm,Jet Fresh,$119.44444444444,125,28-Oct-2025,250
Roses,Rose Isabel Yellow 40 cm,Fresca Farms,$147.22222222222,125,28-Oct-2025,500
Roses,Rose Jessika Pink 40 cm,Fresca Farms,$102.77777777778,125,28-Oct-2025,875
Roses,Rose Latte Tinted 50 cm,Fresca Farms,$293.33333333333,100,28-Oct-2025,300
Roses,Rose lavander G 50 Deep Purple,Galleria Farms,$1553.3333333333,100,31-Oct-2025,200
Roses,Rose Lavender Cool Water ECU 50cm,Jet Fresh,$163.88888888889,125,28-Oct-2025,250
Roses,Rose Lavender Cool Water ECU 60cm,Jet Fresh,$177.77777777778,125,28-Oct-2025,500
Roses,Rose Lavender Cool Water ECU JFG 40cm,Jet Fresh,$138.88888888889,125,29-Oct-2025,250
Roses,Rose Lavender Cool Water ECU JFG 50cm,Jet Fresh,$180.55555555556,125,29-Oct-2025,250
Roses,Rose Lavender Cool Water TAVOLA ECU 70cm,Jet Fresh,$166.66666666667,100,28-Oct-2025,200
Roses,Rose Lavender Cool Water TAVOLA ECU 70cm,Jet Fresh,$166.66666666667,100,28-Oct-2025,200
Roses,Rose Lavender Country Blues Garden Like ECU 50cm,Jet Fresh,$147.22222222222,125,29-Oct-2025,250
Roses,Rose Lavender Early Grey ECU 50cm,Jet Fresh,$163.88888888889,125,28-Oct-2025,375
Roses,Rose Lavender Early Grey TAVOLA BY R.P. ECU 50cm,Jet Fresh,$166.66666666667,125,28-Oct-2025,250
Roses,Rose Lavender Kendal 50cm,Jet Fresh,$141.66666666667,125,29-Oct-2025,250
Roses,Rose Lavender Moody Blues 50 cm,Allure Farms,$180.55555555556,125,29-Oct-2025,250
Roses,Rose Lavender Moody Blues 60 cm,Allure Farms,$220,100,29-Oct-2025,204
Roses,ROSE LAVENDER MOODY BLUES ECUADOR 60CM,SunBurst Farms,$233.33333333333,100,28-Oct-2025,200
Roses,Rose Lavender Ocean Song ECU 50cm,Jet Fresh,$144.44444444444,100,28-Oct-2025,400
Roses,Rose Lavender Ocean Song TAVOLA ECU 40cm,Jet Fresh,$147.22222222222,125,28-Oct-2025,375
Roses,ROSE LAVENDER ROSE 50CM LAV OCEAN SONG 25 ST(STEMS) 50,VistaFlor,$140,100,28-Oct-2025,200
Roses,ROSE LAVENDER SHOCKING BLUE 50CM,WAFEX,$252.77777777778,125,29-Oct-2025,250
Roses,Rose Lavender Silvery Light ECU JFG 50cm,Jet Fresh,$177.77777777778,125,28-Oct-2025,375
Roses,Rose Lavender Silvery Light ECU JFG 60cm,Jet Fresh,$188.88888888889,125,29-Oct-2025,375
Roses,Rose Light Pink Bimba 60 cm,Stellar Farms,$137.77777777778,100,28-Oct-2025,200
Roses,Rose Light Pink Frutteto ECU 50cm,Sole Farms,$128.88888888889,100,28-Oct-2025,600
Roses,Rose Light Pink Frutteto ECU 60cm,Sole Farms,$108.33333333333,75,28-Oct-2025,300
Roses,Rose Light pink G 50 Cotton X-pression,Galleria Farms,$162.22222222222,100,28-Oct-2025,400
Roses,Rose Light Pink G 50 Novia,Galleria Farms,$124.44444444444,100,04-Nov-2025,200
Roses,ROSE LIGHT PINK GERALDINE 50,VistaFlor,$128.88888888889,100,28-Oct-2025,200
Roses,Rose Light Pink Mandala 50cm,Stellar Farms,$113.33333333333,100,28-Oct-2025,200
Roses,Rose Light Pink Pink Mondial ECU 50cm,Sole Farms,$128.88888888889,100,28-Oct-2025,400
Roses,Rose Light Pink Pink Mondial ECU 60cm,Sole Farms,$108.33333333333,75,28-Oct-2025,450
Roses,ROSE LIGHT PINK ROSE 50CM LPK NOVIA 25 ST(STEMS) 50,VistaFlor,$115.55555555556,100,28-Oct-2025,200
Roses,ROSE LIGHT PINK ROSE 50CM LPK SWEET UNIQUE 25 ST(STEMS) 50,VistaFlor,$140,100,28-Oct-2025,400
Roses,Rose Light Pink Shy ECU 60cm,Jet Fresh,$180.55555555556,125,28-Oct-2025,625
Roses,Rose Light Pink Sweet Unique ECU 40cm,Sole Farms,$111.11111111111,100,29-Oct-2025,200
Roses,Rose Light Pink Sweet Unique ECU 50cm,Sole Farms,$128.88888888889,100,29-Oct-2025,400
Roses,Rose Light Yellow Sunny Days ECU 50cm,Jet Fresh,$183.33333333333,125,28-Oct-2025,500
Roses,ROSE LT PINK JESSIKA ECUADOR 50CM,SunBurst Farms,$204.44444444444,100,28-Oct-2025,200
Roses,Rose Menta Lavender 40 cm,Fresca Farms,$111.11111111111,125,28-Oct-2025,375
Roses,Rose Momentum Yellow 40 cm,Fresca Farms,$119.44444444444,125,28-Oct-2025,625
Roses,Rose Momentum Yellow 50 cm,Fresca Farms,$120,100,28-Oct-2025,4200
Roses,Rose Momentum Yellow 50 cm,Stellar Farms,$122.22222222222,100,28-Oct-2025,300
Roses,Rose Momentum Yellow 60 cm,Fresca Farms,$151.11111111111,100,28-Oct-2025,3500
Roses,Rose Momentum Yellow 70 cm,Fresca Farms,$155.55555555556,100,28-Oct-2025,2400
Roses,ROSE MOODY BLUES 60CM LAVANDER,Much Flowers,$146.66666666667,100,04-Nov-2025,200
Roses,Rose Moody Blues Lavender 40 cm,Fresca Farms,$111.11111111111,125,28-Oct-2025,625
Roses,Rose Nina Orange 40 cm,Fresca Farms,$188.88888888889,125,28-Oct-2025,250
Roses,Rose Ocean Mist Apricot  Peach 40 cm,Fresca Farms,$111.11111111111,125,28-Oct-2025,250
Roses,Rose Ocean Mist Apricot  Peach 60 cm,Fresca Farms,$117.77777777778,100,28-Oct-2025,2700
Roses,Rose Ocean Mist Coral 50 cm,Fresca Farms,$106.66666666667,100,28-Oct-2025,4100
Roses,Rose Ocean Mist Peach Apricot 70 cm,Fresca Farms,$122.22222222222,100,28-Oct-2025,200
Roses,Rose Ocean Song Lavender 40 cm,Fresca Farms,$91.666666666667,125,28-Oct-2025,1750
Roses,Rose Orange Alive 60 cm,Stellar Farms,$144.44444444444,100,28-Oct-2025,200
Roses,Rose Orange Aloha TAVOLA BY R.P. ECU 40cm,Jet Fresh,$169.44444444444,125,28-Oct-2025,250
Roses,Rose Orange Atomic ECU 50cm,Jet Fresh,$184.44444444444,100,29-Oct-2025,800
Roses,Rose Orange Bowl ECU 50cm,Jet Fresh,$184.44444444444,100,29-Oct-2025,200
Roses,Rose Orange Crush 50 cm,Allure Farms,$188.88888888889,100,28-Oct-2025,300
Roses,ROSE ORANGE CRUSH 50 CM,Pinnacle Flowers,$175.55555555556,100,28-Oct-2025,300
Roses,ROSE ORANGE CRUSH 50CM,SunBurst Farms,$195.55555555556,100,11-Nov-2025,200
Roses,Rose Orange Crush ECU 40cm,Jet Fresh,$169.44444444444,125,28-Oct-2025,375
Roses,Rose Orange Crush ECU 50cm,Jet Fresh,$184.44444444444,100,29-Oct-2025,400
Roses,Rose Orange Crush Orange 40 cm,Fresca Farms,$158.33333333333,125,28-Oct-2025,2875
Roses,Rose Orange Crush Orange 50 cm,Fresca Farms,$195.55555555556,100,28-Oct-2025,500
Roses,ROSE ORANGE CRUSH PREMIUM 50CM,SunBurst Farms,$195.55555555556,100,21-Nov-2025,200
Roses,Rose Orange Crush TAVOLA BY R.P. ECU 40cm,Jet Fresh,$172.22222222222,125,28-Oct-2025,4000
Roses,Rose Orange Enigma Orange 50 cm,Fresca Farms,$171.11111111111,100,29-Oct-2025,800
Roses,Rose Orange Enigma Orange 60 cm,Fresca Farms,$204.44444444444,100,29-Oct-2025,500
Roses,Rose Orange Enigma Orange 70 cm,Fresca Farms,$211.11111111111,100,28-Oct-2025,400
Roses,Rose Orange Free Spirit 50 cm,Allure Farms,$247.22222222222,125,31-Oct-2025,500
Roses,Rose Orange Free Spirit 60 cm,Allure Farms,$244.44444444444,100,31-Oct-2025,500
Roses,Rose Orange G 60 Crush,Galleria Farms,$200,100,28-Oct-2025,700
Roses,Rose Orange G 60 Nina,Galleria Farms,$200,100,28-Oct-2025,200
Roses,Rose Orange Garota 40cm,Jet Fresh,$169.44444444444,125,29-Oct-2025,250
Roses,Rose Orange Hornbill ECU 50cm,Jet Fresh,$230.55555555556,125,28-Oct-2025,625
Roses,Rose Orange Movie Star 50cm,Sole Farms,$155.55555555556,100,28-Oct-2025,400
Roses,Rose Orange New Face 40cm,Jet Fresh,$169.44444444444,125,28-Oct-2025,375
Roses,Rose Orange Nina ECU 50cm,Sole Farms,$155.55555555556,100,28-Oct-2025,1500
Roses,Rose Orange Nina ECU 60cm,Sole Farms,$125,75,28-Oct-2025,1275
Roses,ROSE ORANGE ORANGE CRUSH 50CM,WAFEX,$280.55555555556,125,29-Oct-2025,375
Roses,ROSE ORANGE ROSE 50CM ORA CAYENNE 25 ST(STEMS) 50,VistaFlor,$255.55555555556,100,28-Oct-2025,200
Roses,Rose Orange Santana ECU 50cm,Jet Fresh,$230.55555555556,125,28-Oct-2025,250
Roses,Rose Orange Tropic Crush ECU JFG 40cm,Jet Fresh,$200,125,28-Oct-2025,1250
Roses,Rose Orange Tropic Crush ECU JFG 50cm,Jet Fresh,$230.55555555556,125,28-Oct-2025,1125
Roses,Rose Orange Tycoon ECU 40cm,Sole Farms,$133.33333333333,100,29-Oct-2025,200
Roses,Rose Orange Tycoon ECU 50cm,Sole Farms,$155.55555555556,100,28-Oct-2025,200
Roses,Rose Orange Tycoon ECU 60cm,Sole Farms,$125,75,28-Oct-2025,375
Roses,Rose Orange Wild Spirit 60 cm,Allure Farms,$87.777777777778,50,28-Oct-2025,150
Roses,ROSE ORG B/C FREE SPIRIT 40CM,SunBurst Farms,$230.55555555556,125,28-Oct-2025,250
Roses,Rose Pale Pink Luciano ECU 60cm,Sole Farms,$113.33333333333,75,29-Oct-2025,150
Roses,Rose Peach Apricot Serenade ECU JFG 40cm,Jet Fresh,$147.22222222222,125,29-Oct-2025,250
Roses,Rose Peach Apricot Serenade ECU JFG 50cm,Jet Fresh,$180.55555555556,125,28-Oct-2025,250
Roses,ROSE PEACH CARAMEL MACCIATO 70CM,WAFEX,$295.55555555556,100,29-Oct-2025,400
Roses,ROSE PEACH CARAMEL MACCIATO 80CM,WAFEX,$317.77777777778,100,29-Oct-2025,200
Roses,ROSE PEACH COUNTRY HOME 40,VistaFlor,$144.44444444444,125,28-Oct-2025,250
Roses,Rose Peach Desert 50 cm EC,Allure Farms,$80,50,28-Oct-2025,100
Roses,Rose Peach G 60 Garden Country Home,Galleria Farms,$208.88888888889,100,28-Oct-2025,200
Roses,Rose Peach Honey Glow ECU 60cm,Jet Fresh,$200,125,28-Oct-2025,750
Roses,Rose Peach Mother Pearl ECU 50cm,Jet Fresh,$160,100,28-Oct-2025,200
Roses,Rose Peach Mother Pearl ECU 60cm,Jet Fresh,$168.88888888889,100,28-Oct-2025,800
Roses,Rose Peach Phoenix 60 cm,Allure Farms,$262.22222222222,100,29-Oct-2025,308
Roses,ROSE PEACH ROSE 50CM PEA TIFFANY 25 ST(STEMS) 50,VistaFlor,$128.88888888889,100,28-Oct-2025,300
Roses,Rose Peach Salma ECU 60cm,Sole Farms,$108.33333333333,75,28-Oct-2025,675
Roses,Rose Peach Salma ECU 70cm,Jet Fresh,$208.33333333333,125,28-Oct-2025,250
Roses,Rose Peach Shimmer 60 cm,Allure Farms,$240,100,29-Oct-2025,207
Roses,Rose Peach Shimmer ECU 60cm,Sole Farms,$108.33333333333,75,28-Oct-2025,450
Roses,Rose Peach Shimmer ECU JFG 70cm,Jet Fresh,$230.55555555556,125,29-Oct-2025,250
Roses,Rose Peach Shimmer TAVOLA BY R.P. ECU 80cm,Jet Fresh,$226.66666666667,100,28-Oct-2025,200
Roses,Rose Peach Tie Dye ECU 60cm,Jet Fresh,$394.44444444444,125,04-Nov-2025,250
Roses,Rose Peach Tiffany 60 cm,Allure Farms,$211.11111111111,100,28-Oct-2025,200
Roses,Rose Peach Tiffany 70 cm,Allure Farms,$211.11111111111,100,28-Oct-2025,200
Roses,Rose Peach to Pink Komodo ECU JFG 50cm,Jet Fresh,$177.77777777778,125,28-Oct-2025,250
Roses,Rose Peach to Pink Komodo ECU JFG 60cm,Jet Fresh,$186.11111111111,125,28-Oct-2025,500
Roses,Rose Peach to Pink Komodo ECU JFG 70cm,Jet Fresh,$205.55555555556,125,28-Oct-2025,375
Roses,Rose Peachy Blush Quicksand ECU 70cm,Jet Fresh,$291.11111111111,100,29-Oct-2025,400
Roses,Rose Peachy Blush Quicksand ECU JFG 60cm,Jet Fresh,$333.33333333333,125,29-Oct-2025,250
Roses,Rose Peachy Blush Sand Pompeii ECU 60cm,Jet Fresh,$194.44444444444,125,28-Oct-2025,625
Roses,ROSE PINK - DARK (2RDP) 50CM,Golden Flowers,$226.66666666667,200,28-Oct-2025,1200
Roses,ROSE PINK - DARK (2RDP) 50CM,Golden Flowers,$170,150,28-Oct-2025,750
Roses,Rose Pink Absolut In Pink ECU JFG 80cm,Jet Fresh,$193.33333333333,100,29-Oct-2025,200
Roses,Rose Pink Be Sweet ECU 60cm,Sole Farms,$108.33333333333,75,28-Oct-2025,150
Roses,Rose Pink Blush Pomarosa ECU JFG 70cm,Jet Fresh,$208.88888888889,100,29-Oct-2025,400
Roses,Rose Pink Blush Pomarosa ECU JFG 80cm,Jet Fresh,$217.77777777778,100,29-Oct-2025,200
Roses,Rose Pink Candy ECU 50cm,Jet Fresh,$100,100,28-Oct-2025,400
Roses,Rose Pink Dusty Faith 50 cm,Allure Farms,$83.333333333333,50,28-Oct-2025,100
Roses,Rose Pink Faith ECU 50cm,Jet Fresh,$106.66666666667,100,28-Oct-2025,200
Roses,Rose Pink Faith ECU JFG 40cm,Jet Fresh,$147.22222222222,125,28-Oct-2025,250
Roses,Rose Pink Faith ECU JFG 50cm,Jet Fresh,$172.22222222222,125,29-Oct-2025,375
Roses,ROSE PINK FLOYD 50CM,SunBurst Farms,$144.44444444444,100,28-Oct-2025,200
Roses,ROSE PINK FRUTTETO 40CM,SunBurst Farms,$147.22222222222,125,28-Oct-2025,1000
Roses,Rose Pink Frutteto ECU 50cm,Jet Fresh,$113.33333333333,100,28-Oct-2025,300
Roses,Rose Pink Frutteto TAVOLA BY R.P. ECU 50cm,Jet Fresh,$140,100,28-Oct-2025,400
Roses,Rose Pink G 50 Frutteto,Galleria Farms,$140,100,30-Oct-2025,200
Roses,Rose Pink G 50 Mondial,Galleria Farms,$131.11111111111,100,28-Oct-2025,500
Roses,Rose Pink G 50 Mondial,Galleria Farms,$131.11111111111,100,28-Oct-2025,200
Roses,Rose Pink Geraldine ECU 40cm,Jet Fresh,$147.22222222222,125,28-Oct-2025,250
Roses,Rose Pink Geraldine ECU 50cm,Jet Fresh,$155.55555555556,100,28-Oct-2025,200
Roses,Rose Pink Geraldine ECU 50cm,Jet Fresh,$180.55555555556,125,29-Oct-2025,1000
Roses,Rose Pink Geraldine TAVOLA BY R.P. ECU 50cm,Jet Fresh,$142.22222222222,100,28-Oct-2025,800
Roses,Rose Pink Gigi ECU 50cm,Jet Fresh,$144.44444444444,100,28-Oct-2025,200
Roses,Rose Pink Hermosa ECU 50cm,Jet Fresh,$183.33333333333,125,28-Oct-2025,625
Roses,Rose Pink Hermosa ECU 50cm,Jet Fresh,$146.66666666667,100,29-Oct-2025,300
Roses,Rose Pink Hermosa ECU 60cm,Jet Fresh,$160,100,29-Oct-2025,400
Roses,Rose Pink Jessica ECU 50cm,Jet Fresh,$161.11111111111,125,28-Oct-2025,250
Roses,Rose Pink Jessica ECU 50cm,Jet Fresh,$113.33333333333,100,28-Oct-2025,400
Roses,Rose Pink Jessica ECU 60cm,Jet Fresh,$177.77777777778,125,28-Oct-2025,250
Roses,Rose Pink Jet Set ECU JFG 80cm,Jet Fresh,$184.44444444444,100,29-Oct-2025,200
Roses,Rose Pink Light Frutteto 50 cm,Allure Farms,$215.55555555556,100,29-Oct-2025,206
Roses,Rose Pink Light Nena 50 cm,Allure Farms,$87.777777777778,50,28-Oct-2025,100
Roses,Rose Pink Light Novia 50 cm,Allure Farms,$180.55555555556,125,29-Oct-2025,250
Roses,Rose Pink Light Sweet Escimo 50 cm,Allure Farms,$197.77777777778,100,28-Oct-2025,200
Roses,Rose Pink Mandala ECU 50cm,Sole Farms,$128.88888888889,100,29-Oct-2025,200
Roses,Rose Pink Mandala ECU 50cm,Jet Fresh,$166.66666666667,125,28-Oct-2025,750
Roses,Rose Pink Milenial 60 cm,Stellar Farms,$144.44444444444,100,28-Oct-2025,200
Roses,Rose Pink Mondial ECU 70cm,Jet Fresh,$194.44444444444,125,28-Oct-2025,250
Roses,Rose Pink Mondial ECU JFG 60cm,Jet Fresh,$188.88888888889,125,29-Oct-2025,500
Roses,Rose Pink Mondial ECU JFG 70cm,Jet Fresh,$211.11111111111,125,29-Oct-2025,250
Roses,Rose Pink Mondial Pink 40 cm,Fresca Farms,$116.66666666667,125,28-Oct-2025,500
Roses,Rose Pink Mondial Pink 50 cm,Fresca Farms,$113.33333333333,100,28-Oct-2025,1200
Roses,Rose Pink Mondial Pink 60 cm,Fresca Farms,$131.11111111111,100,28-Oct-2025,1500
Roses,ROSE PINK OPALA 50CM,WAFEX,$213.88888888889,125,29-Oct-2025,250
Roses,Rose Pink Sweet Akito TAVOLA BY R.P. ECU 40cm,Jet Fresh,$152.77777777778,125,28-Oct-2025,250
Roses,Rose Pink Sweet For Love Garden Like JFG ECU 50cm,Jet Fresh,$205.55555555556,125,29-Oct-2025,250
Roses,ROSE PINK SWEET MEMORY ECUADOR 50CM,SunBurst Farms,$204.44444444444,100,28-Oct-2025,300
Roses,ROSE PINK SWEET UNIQUE ECUADOR 60CM,SunBurst Farms,$200,100,28-Oct-2025,300
Roses,Rose Pink Tabatha ECU 50cm,Jet Fresh,$155.55555555556,125,28-Oct-2025,375
Roses,Rose Pink Tabatha ECU 60cm,Jet Fresh,$177.77777777778,125,28-Oct-2025,750
Roses,Rose Pinky Promise Pink 60 cm,Fresca Farms,$117.77777777778,100,28-Oct-2025,900
Roses,Rose Pinky Promise Pink 60/70 cm,Fresca Farms,$120,100,28-Oct-2025,200
Roses,Rose Playa Blanca / White Beach 50cm Esmeralda,Jet Fresh,$217.77777777778,100,28-Oct-2025,500
Roses,Rose Playa Blanca / White Beach 60cm Esmeralda,Jet Fresh,$242.22222222222,100,28-Oct-2025,1900
Roses,Rose Playa Blanca White 50 cm,Fresca Farms,$184.44444444444,100,29-Oct-2025,500
Roses,Rose Playa Blanca White 60 cm,Fresca Farms,$195.55555555556,100,29-Oct-2025,400
Roses,Rose Playa Blanca White 70 cm,Fresca Farms,$204.44444444444,100,28-Oct-2025,200
Roses,ROSE PREMIUM ASST 60CM,Pinnacle Flowers,$231.11111111111,200,28-Oct-2025,400
Roses,Rose Premium ECU Assorted 40 cm,Fresca Farms,$116.66666666667,125,29-Oct-2025,2375
Roses,Rose Premium ECU Assorted 50 cm,Fresca Farms,$113.33333333333,100,29-Oct-2025,400
Roses,Rose Premium ECU Assorted 60 cm,Fresca Farms,$122.22222222222,100,29-Oct-2025,400
Roses,Rose Premium ECU Assorted 70 cm,Fresca Farms,$137.77777777778,100,29-Oct-2025,400
Roses,ROSE PREMIUM FREEDOM 50CM,Pinnacle Flowers,$140,100,28-Oct-2025,300
Roses,ROSE PREMIUM FREEDOM 60CM,Pinnacle Flowers,$151.11111111111,100,28-Oct-2025,400
Roses,Rose Project Bimba Pink 50 cm,Fresca Farms,$117.77777777778,100,28-Oct-2025,200
Roses,Rose Promise Pink 50 cm,Fresca Farms,$106.66666666667,100,28-Oct-2025,1600
Roses,ROSE PURPLE ROSE 60CM PUR DEEP PURPLE 25 ST(STEMS) 60,VistaFlor,$128.88888888889,100,28-Oct-2025,300
Roses,Rose Queenberry Dark Pink 40 cm,Fresca Farms,$122.22222222222,125,28-Oct-2025,250
Roses,Rose Ragazza Pink 40 cm,Fresca Farms,$116.66666666667,125,28-Oct-2025,750
Roses,Rose Ragazza Pink 50 cm,Fresca Farms,$102.22222222222,100,28-Oct-2025,200
Roses,Rose Red Dark Black Baccara 40 cm,Allure Farms,$322.22222222222,100,04-Nov-2025,212
Roses,Rose Red Dark Black Baccara 60 cm,Allure Farms,$524.44444444444,100,04-Nov-2025,208
Roses,Rose Red Explorer 50 cm EC,Allure Farms,$233.33333333333,125,29-Oct-2025,505
Roses,Rose Red Explorer 70 cm EC,Allure Farms,$166.66666666667,100,28-Oct-2025,200
Roses,Rose Red Explorer ECU 40cm,Sole Farms,$111.11111111111,100,29-Oct-2025,200
Roses,Rose Red Explorer ECU 50cm,Sole Farms,$100,100,28-Oct-2025,300
Roses,Rose Red Explorer ECU 60cm,Sole Farms,$100,75,28-Oct-2025,1050
Roses,Rose Red Explorer ECU JFG 50cm,Jet Fresh,$208.33333333333,125,29-Oct-2025,250
Roses,Rose Red Explorer ECU JFG 60cm,Jet Fresh,$219.44444444444,125,29-Oct-2025,250
Roses,Rose Red Explorer TAVOLA BY R.P. ECU 80cm,Jet Fresh,$215.55555555556,100,28-Oct-2025,500
Roses,Rose Red Fortune ECU 50cm,Jet Fresh,$166.66666666667,125,28-Oct-2025,1125
Roses,ROSE RED FREEDOM (2AFD) 50CM,Golden Flowers,$173.33333333333,200,28-Oct-2025,800
Roses,Rose Red Freedom (Russian Cut) 60 cm - EC,Allure Farms,$220,100,29-Oct-2025,200
Roses,Rose Red Freedom 40cm,Sole Farms,$168.88888888889,200,28-Oct-2025,400
Roses,Rose Red Freedom 50 cm EC,Allure Farms,$255.55555555556,100,28-Oct-2025,200
Roses,Rose Red Freedom 50 cm EC,Allure Farms,$393.33333333333,300,28-Oct-2025,900
Roses,Rose Red Freedom 50cm,Sole Farms,$186.66666666667,175,28-Oct-2025,4025
Roses,Rose Red Freedom 50cm,Sole Farms,$106.66666666667,100,28-Oct-2025,400
Roses,Rose Red Freedom 60 cm EC,Allure Farms,$195.55555555556,100,28-Oct-2025,336
Roses,Rose Red Freedom 60cm,Sole Farms,$152.77777777778,125,28-Oct-2025,1375
Roses,ROSE RED FREEDOM 60CM,SunBurst Farms,$297.77777777778,200,28-Oct-2025,400
Roses,ROSE RED FREEDOM 70CM,WAFEX,$202.22222222222,100,28-Oct-2025,500
Roses,Rose Red Freedom ECU 50cm,Sole Farms,$122.22222222222,100,04-Nov-2025,200
Roses,Rose Red Freedom ECU 60cm,Sole Farms,$100,75,28-Oct-2025,150
Roses,Rose Red Freedom ECU 60cm,Jet Fresh,$177.77777777778,125,28-Oct-2025,1125
Roses,ROSE RED FREEDOM ECUADOR 50CM,SunBurst Farms,$171.11111111111,100,31-Oct-2025,300
Roses,ROSE RED FREEDOM ECUADOR 60CM,SunBurst Farms,$171.11111111111,100,28-Oct-2025,200
Roses,ROSE RED FREEDOM ECUADOR 60CM,SunBurst Farms,$342.22222222222,200,28-Oct-2025,400
Roses,Rose Red Freedom TAVOLA BY R.P. ECU 90cm,Jet Fresh,$307.22222222222,175,28-Oct-2025,1050
Roses,Rose Red Freedom TAVOLA ECU 60cm,Jet Fresh,$151.11111111111,100,28-Oct-2025,700
Roses,Rose Red Freedom TAVOLA ECU 70cm,Jet Fresh,$160,100,28-Oct-2025,900
Roses,Rose Red Freedom TAVOLA ECU 80cm,Jet Fresh,$166.66666666667,100,28-Oct-2025,300
Roses,Rose Red G 50 Freedom,Galleria Farms,$124.44444444444,100,04-Nov-2025,1100
Roses,Rose Red G 50 Freedom,Galleria Farms,$124.44444444444,100,31-Oct-2025,600
Roses,Rose Red G 60 Explorer,Galleria Farms,$155.55555555556,100,30-Oct-2025,1000
Roses,Rose Red G 60 Explorer,Galleria Farms,$162.22222222222,100,28-Oct-2025,500
Roses,Rose Red G 60 Freedom,Galleria Farms,$133.33333333333,100,04-Nov-2025,1000
Roses,Rose Red G 60 Freedom,Galleria Farms,$133.33333333333,100,31-Oct-2025,600
Roses,ROSE RED HEARTS PREMIUM  50CM,SunBurst Farms,$253.33333333333,100,14-Nov-2025,200
Roses,Rose Red Undercover 50cm,Jet Fresh,$141.66666666667,125,29-Oct-2025,250
Roses,Rose Redvolution Red 50 cm,Fresca Farms,$122.22222222222,100,28-Oct-2025,1100
Roses,Rose Redvolution Red 60 cm,Fresca Farms,$151.11111111111,100,28-Oct-2025,2700
Roses,Rose Redvolution Red 70 cm,Fresca Farms,$155.55555555556,100,28-Oct-2025,600
Roses,ROSE RHOSLYN 50CM,Much Flowers,$157.77777777778,100,04-Nov-2025,200
Roses,Rose Sand Peach Sahara 50 cm,Allure Farms,$422.22222222222,100,28-Oct-2025,700
Roses,Rose Sand Quicksand 60 cm,Allure Farms,$351.11111111111,100,29-Oct-2025,208
Roses,Rose Sand Quicksand 70 cm,Allure Farms,$277.77777777778,100,28-Oct-2025,302
Roses,Rose Sand Quicksand 80 cm,Allure Farms,$282.22222222222,100,28-Oct-2025,200
Roses,Rose Shimmer Peach 50 cm,Fresca Farms,$146.66666666667,100,28-Oct-2025,700
Roses,Rose Shimmer Peach 50 cm,Stellar Farms,$305.55555555556,250,28-Oct-2025,500
Roses,Rose Shimmer Peach 60 cm,Fresca Farms,$151.11111111111,100,28-Oct-2025,500
Roses,Rose Snowbliss White 60 cm,Stellar Farms,$144.44444444444,100,28-Oct-2025,200
Roses,Rose Sophie Pink 60 cm,Fresca Farms,$146.66666666667,100,28-Oct-2025,200
Roses,Rose Soul Cream 50 cm,Fresca Farms,$113.33333333333,100,28-Oct-2025,1900
Roses,Rose Soul Cream 60 cm,Fresca Farms,$126.66666666667,100,28-Oct-2025,4000
Roses,Rose Soul Cream 70 cm,Fresca Farms,$137.77777777778,100,28-Oct-2025,600
Roses,Rose Star Platinum Lavender 40 cm,Fresca Farms,$91.666666666667,125,28-Oct-2025,1000
Roses,Rose Stardust Yellow 40 cm,Fresca Farms,$158.33333333333,125,28-Oct-2025,250
Roses,Rose Summerlight Bi Yellow 40 cm,Fresca Farms,$116.66666666667,125,28-Oct-2025,500
Roses,Rose Summerlight Bi Yellow 50 cm,Fresca Farms,$122.22222222222,100,28-Oct-2025,1100
Roses,Rose Summerlight Bi Yellow 60 cm,Fresca Farms,$155.55555555556,100,28-Oct-2025,200
Roses,Rose Superstition Pink 50 cm,Fresca Farms,$117.77777777778,100,28-Oct-2025,2400
Roses,Rose Superstition Pink 60 cm,Fresca Farms,$131.11111111111,100,28-Oct-2025,200
Roses,Rose Superstition Salmon Pink 40 cm,Fresca Farms,$97.222222222222,125,28-Oct-2025,875
Roses,Rose Swan Bi Pink 50 cm,Fresca Farms,$113.33333333333,100,28-Oct-2025,400
Roses,Rose Swan Bi Pink 60 cm,Fresca Farms,$117.77777777778,100,28-Oct-2025,600
Roses,Rose Sweet Akito Pink 40 cm,Fresca Farms,$102.77777777778,125,28-Oct-2025,375
Roses,Rose Sweet Akito Pink 50 cm,Fresca Farms,$113.33333333333,100,28-Oct-2025,200
Roses,Rose Sweet Unique Bi Pink 50 cm,Fresca Farms,$97.777777777778,100,28-Oct-2025,700
Roses,ROSE TERRA COTA RAZZMATAZZ ECUADOR 50CM,SunBurst Farms,$395.55555555556,100,28-Oct-2025,200
Roses,Rose Terracota Kahala 50 cm,Allure Farms,$193.33333333333,100,28-Oct-2025,200
Roses,Rose Terracota Mosaico ECU 60cm,Jet Fresh,$291.66666666667,125,28-Oct-2025,250
Roses,Rose Tie Dye #7 Yellow/Blue/Pink/Red-Tomato Tie Dye 50 cm,Fresca Farms,$282.22222222222,100,28-Oct-2025,400
Roses,Rose Tiffany Peach 40 cm,Fresca Farms,$108.33333333333,125,28-Oct-2025,375
Roses,Rose Tinted Black Magic 50 cm,Allure Farms,$194.44444444444,50,29-Oct-2025,100
Roses,Rose Tinted Blue ECU 50cm,Sole Farms,$188.88888888889,100,28-Oct-2025,700
Roses,Rose Van Gohg Color Blend 50 cm,Fresca Farms,$137.77777777778,100,28-Oct-2025,400
Roses,Rose Vanilla Cream Carpe Diem ECU 50cm,Jet Fresh,$169.44444444444,125,28-Oct-2025,500
Roses,Rose Vendela Cream 40 cm,Fresca Farms,$122.22222222222,125,28-Oct-2025,250
Roses,Rose Vendela Cream 50 cm,Stellar Farms,$144.44444444444,100,28-Oct-2025,200
Roses,Rose Watergame Dark Pink 50 cm,Fresca Farms,$117.77777777778,100,28-Oct-2025,1200
Roses,Rose Watergame Dark Pink 60 cm,Fresca Farms,$131.11111111111,100,28-Oct-2025,1000
Roses,Rose Watergame Dark Pink 70 cm,Fresca Farms,$151.11111111111,100,28-Oct-2025,400
Roses,Rose White Akito TAVOLA BY R.P. ECU 40cm,Jet Fresh,$152.77777777778,125,28-Oct-2025,1125
Roses,Rose White Aspen TAVOLA BY R.P. ECU 80cm,Jet Fresh,$268.88888888889,100,28-Oct-2025,200
Roses,Rose White Beach / Playa Blanca ECU 50cm,Jet Fresh,$193.33333333333,100,28-Oct-2025,200
Roses,Rose White Beach / Playa Blanca ECU 60cm,Jet Fresh,$217.77777777778,100,28-Oct-2025,2400
Roses,Rose White Beach / Playa Blanca ECU 60cm,Jet Fresh,$272.22222222222,125,28-Oct-2025,1250
Roses,Rose White Beach / Playa Blanca ECU 70cm,Jet Fresh,$282.22222222222,100,29-Oct-2025,200
Roses,Rose White Beach / Playa Blanca ECU JFG 50cm,Jet Fresh,$272.22222222222,125,28-Oct-2025,1125
Roses,Rose White Beach / Playa Blanca ECU JFG 60cm,Jet Fresh,$302.77777777778,125,28-Oct-2025,1000
Roses,Rose White Beach / Playa Blanca TAVOLA ECU 80cm,Jet Fresh,$266.66666666667,100,28-Oct-2025,600
Roses,ROSE WHITE CHOCOLATE ECUADOR 60CM,SunBurst Farms,$228.88888888889,100,28-Oct-2025,200
Roses,Rose White Coldplay Garden Like ECU JFG 40cm,Jet Fresh,$184.44444444444,100,28-Oct-2025,1000
Roses,Rose White Coldplay Garden Like ECU JFG 50cm,Jet Fresh,$87.111111111111,40,29-Oct-2025,240
Roses,Rose White Coldplay Garden Like ECU JFG 50cm,Jet Fresh,$174.22222222222,80,28-Oct-2025,1840
Roses,Rose White Coldplay Garden Like ECU JFG 60cm,Jet Fresh,$96.888888888889,40,29-Oct-2025,120
Roses,Rose White Cotton X-Pression Garden Like ECU JFG 60cm,Jet Fresh,$200,125,29-Oct-2025,250
Roses,Rose White Cotton X-Pression Garden Like ECU JFG 70cm,Jet Fresh,$230.55555555556,125,29-Oct-2025,500
Roses,Rose White Cotton X-Pression Garden Like ECU JFG 70cm,Jet Fresh,$193.33333333333,100,28-Oct-2025,400
Roses,Rose White Cotton X-Pression Garden Like ECU JFG 80cm,Jet Fresh,$208.88888888889,100,29-Oct-2025,300
Roses,Rose White Cotton X-Pression Garden Like TAVOLA BY R.P. ECU 70cm,Jet Fresh,$168.88888888889,100,28-Oct-2025,300
Roses,Rose White Cotton X-Pression Garden Like TAVOLA BY R.P. ECU 70cm,Jet Fresh,$168.88888888889,100,28-Oct-2025,300
Roses,Rose White Crystal Fairy Garden Like ECU JFG 40cm,Jet Fresh,$96.888888888889,40,28-Oct-2025,160
Roses,Rose White Dove 50 cm,Allure Farms,$94.444444444444,50,28-Oct-2025,100
Roses,ROSE WHITE ESCIMO 50CM,Pinnacle Flowers,$194.44444444444,125,28-Oct-2025,375
Roses,Rose White Escimo TAVOLA  ECU 40cm,Jet Fresh,$195.55555555556,200,28-Oct-2025,4000
Roses,Rose White Escimo TAVOLA ECU 50cm,Jet Fresh,$235.55555555556,200,28-Oct-2025,1400
Roses,Rose White G 50 Mondial,Galleria Farms,$133.33333333333,100,30-Oct-2025,300
Roses,Rose White G 50 Playa Blanca,Galleria Farms,$180,100,07-Nov-2025,200
Roses,Rose White G 50 Vendela,Galleria Farms,$146.66666666667,100,04-Nov-2025,500
Roses,Rose White G 60 Playa Blanca,Galleria Farms,$200,100,28-Oct-2025,400
Roses,Rose White G 60 Vendela,Galleria Farms,$124.44444444444,100,04-Nov-2025,400
Roses,Rose White House ECU JFG 40cm,Jet Fresh,$158.33333333333,125,29-Oct-2025,375
Roses,Rose White House ECU JFG 60cm,Jet Fresh,$211.11111111111,125,29-Oct-2025,250
Roses,Rose White Idilia ECU 50cm,Jet Fresh,$163.88888888889,125,28-Oct-2025,625
Roses,Rose White Innocencia ECU 50cm,Jet Fresh,$211.11111111111,125,28-Oct-2025,1250
Roses,Rose White Mojito ECU 60cm,Jet Fresh,$183.33333333333,125,28-Oct-2025,1125
Roses,Rose White Mondial ECU JFG 60cm,Jet Fresh,$200,125,29-Oct-2025,375
Roses,ROSE WHITE PLAYA BLANCA 40,VistaFlor,$208.33333333333,125,28-Oct-2025,250
Roses,ROSE WHITE PLAYA BLANCA 50CM,WAFEX,$252.77777777778,125,28-Oct-2025,250
Roses,ROSE WHITE PLAYA BLANCA 70CM,WAFEX,$271.11111111111,100,28-Oct-2025,200
Roses,Rose White Playa Blanca ECU 50cm,Sole Farms,$200,100,05-Nov-2025,300
Roses,Rose White Playa Blanca ECU 60cm,Sole Farms,$166.66666666667,75,29-Oct-2025,150
Roses,ROSE WHITE PLAYA BLANCA ECUADOR 60CM,SunBurst Farms,$273.33333333333,100,28-Oct-2025,300
Roses,Rose White Polar Star ECU 40cm,Jet Fresh,$147.22222222222,125,28-Oct-2025,375
Roses,Rose White Polar Star ECU 50cm,Jet Fresh,$146.66666666667,100,28-Oct-2025,1100
Roses,Rose White Proud 50 cm,Allure Farms,$175.55555555556,100,28-Oct-2025,500
Roses,ROSE WHITE PROUD ECUADOR 40CM,SunBurst Farms,$222.22222222222,125,28-Oct-2025,625
Roses,ROSE WHITE ROSE 50CM WHI PLAYA BLANCA 25 ST(STEMS) 50,VistaFlor,$191.11111111111,100,28-Oct-2025,600
Roses,ROSE WHITE ROSE 50CM WHI SUGAR DOLL 25 ST(STEMS) 50,VistaFlor,$140,100,28-Oct-2025,200
Roses,ROSE WHITE ROSE 50CM WHI TIBET 25 ST(STEMS) 50,VistaFlor,$153.33333333333,100,28-Oct-2025,1500
Roses,ROSE WHITE ROSE 60CM WHI PLAYA BLANCA 25 ST(STEMS) 60,VistaFlor,$217.77777777778,100,28-Oct-2025,500
Roses,ROSE WHITE ROSE 60CM WHI TIBET 25 ST(STEMS) 60,VistaFlor,$166.66666666667,100,28-Oct-2025,300
Roses,Rose White Shimmer ECU 60cm,Jet Fresh,$117.77777777778,100,28-Oct-2025,300
Roses,Rose White Siente ECU 60cm,Jet Fresh,$180.55555555556,125,28-Oct-2025,750
Roses,ROSE WHITE TIBET 40,VistaFlor,$144.44444444444,125,28-Oct-2025,375
Roses,ROSE WHITE TIBET 40CM,SunBurst Farms,$150,125,28-Oct-2025,250
Roses,Rose White Tibet 50 cm,Allure Farms,$347.22222222222,125,29-Oct-2025,629
Roses,ROSE WHITE TIBET 50CM,WAFEX,$180,100,28-Oct-2025,200
Roses,Rose White Tibet 60 cm,Allure Farms,$220,100,28-Oct-2025,200
Roses,Rose White Tibet ECU 40cm,Jet Fresh,$169.44444444444,125,28-Oct-2025,1875
Roses,Rose White Tibet ECU 40cm,Jet Fresh,$122.22222222222,100,28-Oct-2025,1700
Roses,Rose White Tibet ECU 50cm,Jet Fresh,$211.11111111111,125,28-Oct-2025,2125
Roses,Rose White Tibet ECU 60cm,Jet Fresh,$230.55555555556,125,28-Oct-2025,1500
Roses,Rose White Tibet ECU 60cm,Jet Fresh,$184.44444444444,100,29-Oct-2025,200
Roses,Rose White Tibet ECU JFG 40cm,Jet Fresh,$175,125,29-Oct-2025,625
Roses,Rose White Tibet ECU JFG 50cm,Jet Fresh,$219.44444444444,125,28-Oct-2025,250
Roses,ROSE WHITE TIBET ECUADOR 50CM,SunBurst Farms,$200,100,28-Oct-2025,200
Roses,ROSE WHITE VAINILLA (1RVW) 40CM,Golden Flowers,$182.22222222222,200,28-Oct-2025,800
Roses,Rose White Vendela 50 cm,Allure Farms,$197.77777777778,100,28-Oct-2025,300
Roses,Rose White Vendela 50 cm,Allure Farms,$94.444444444444,50,28-Oct-2025,100
Roses,ROSE WHITE VENDELA 60CM,Pinnacle Flowers,$175.55555555556,100,28-Oct-2025,200
Roses,Rose White Vendela ECU 40cm,Jet Fresh,$158.33333333333,125,28-Oct-2025,500
Roses,Rose White-Cream Garden Cold Play ECU 40cm,Sole Farms,$117.33333333333,96,05-Nov-2025,192
Roses,Rose White-Cream Garden Cold Play ECU 50cm,Sole Farms,$122.22222222222,100,28-Oct-2025,200
Roses,ROSE WHITE. VAINILLA. (2RVW) 50CM,Golden Flowers,$226.66666666667,200,28-Oct-2025,800
Roses,Rose Yellow BiC High Magic 60 cm,Allure Farms,$144.44444444444,100,28-Oct-2025,300
Roses,ROSE YELLOW BRIGHTON 40CM,SunBurst Farms,$141.66666666667,125,28-Oct-2025,500
Roses,ROSE YELLOW BRIGHTON 50-60CM,WAFEX,$186.66666666667,100,28-Oct-2025,200
Roses,ROSE YELLOW BRIGHTON 60CM,SunBurst Farms,$166.66666666667,100,28-Oct-2025,200
Roses,Rose Yellow Brighton ECU 50cm,Sole Farms,$155.55555555556,100,28-Oct-2025,200
Roses,Rose Yellow Brighton ECU 60cm,Sole Farms,$125,75,28-Oct-2025,450
Roses,ROSE YELLOW BRIGHTON ECUADOR 50CM,SunBurst Farms,$177.77777777778,100,28-Oct-2025,200
Roses,Rose Yellow Bumblebee ECU JFG 50cm,Jet Fresh,$197.22222222222,125,29-Oct-2025,750
Roses,Rose Yellow Cancun ECU 50cm,Jet Fresh,$169.44444444444,125,28-Oct-2025,250
Roses,Rose Yellow Cancun ECU 60cm,Jet Fresh,$180.55555555556,125,28-Oct-2025,250
Roses,Rose Yellow Crush Yellow 50 cm,Fresca Farms,$142.22222222222,100,28-Oct-2025,200
Roses,Rose Yellow Cubana ECU 50cm,Jet Fresh,$169.44444444444,125,28-Oct-2025,625
Roses,Rose Yellow Deja Vu ECU 40cm,Jet Fresh,$141.66666666667,125,28-Oct-2025,250
Roses,Rose Yellow G 50 Brighton,Galleria Farms,$146.66666666667,100,31-Oct-2025,200
Roses,Rose Yellow G 50 Brighton,Galleria Farms,$124.44444444444,100,04-Nov-2025,600
Roses,Rose Yellow Golden Globe ECU 50cm,Jet Fresh,$142.22222222222,100,28-Oct-2025,200
Roses,ROSE YELLOW GOLDFINCH ECUADOR 60CM,SunBurst Farms,$257.77777777778,100,31-Oct-2025,200
Roses,Rose Yellow High & Exotic ECU 50cm,Jet Fresh,$135.55555555556,100,28-Oct-2025,500
Roses,Rose Yellow High & Exotic ECU 60cm,Jet Fresh,$144.44444444444,100,28-Oct-2025,300
Roses,Rose Yellow High & Exotic ECU 70cm,Jet Fresh,$160,100,28-Oct-2025,400
Roses,Rose Yellow Lighthouse ECU 50cm,Jet Fresh,$163.88888888889,125,28-Oct-2025,500
Roses,Rose Yellow Momentum 40cm,Jet Fresh,$133.33333333333,125,29-Oct-2025,250
Roses,ROSE YELLOW MOMENTUM 50CM,SunBurst Farms,$186.66666666667,100,28-Oct-2025,200
Roses,Rose Yellow Momentum ECU 40cm,Sole Farms,$122.22222222222,100,28-Oct-2025,200
Roses,Rose Yellow Momentum ECU 50cm,Sole Farms,$155.55555555556,100,28-Oct-2025,800
Roses,Rose Yellow Momentum ECU 60cm,Sole Farms,$125,75,28-Oct-2025,1275
Roses,Rose Yellow Momentum JFG ECU 50cm,Jet Fresh,$183.33333333333,125,28-Oct-2025,375
Roses,Rose Yellow Momentum JFG ECU 60cm,Jet Fresh,$205.55555555556,125,29-Oct-2025,250
Roses,Rose Yellow Regatta ECU 50cm,Jet Fresh,$169.44444444444,125,28-Oct-2025,1250
Roses,Rose Yellow Regatta ECU 60cm,Jet Fresh,$180.55555555556,125,28-Oct-2025,250
Roses,Rose Yellow Starwalker Garden Like ECU JFG 50cm,Jet Fresh,$261.11111111111,125,28-Oct-2025,250
Roses,Rose Yellow Summer Yellow 50 cm,Fresca Farms,$126.66666666667,100,28-Oct-2025,300
Roses,Rose Yellow Summer Yellow 60 cm,Fresca Farms,$151.11111111111,100,28-Oct-2025,200
Roses,Rose Yellow Sunday Morning ECU 60cm,Jet Fresh,$191.66666666667,125,28-Oct-2025,375
Roses,ROSE YELLOW SUPER SUN 50CM,WAFEX,$219.44444444444,125,29-Oct-2025,250
Roses,Rose Yellow Super Sun ECU 50cm,Jet Fresh,$177.77777777778,125,28-Oct-2025,250
Roses,Rose Yellow Super Sun ECU JFG 40cm,Jet Fresh,$147.22222222222,125,28-Oct-2025,250
Roses,ROSE YELLOW TARA 50CM,WAFEX,$213.88888888889,125,29-Oct-2025,250
Roses,Rose Yellow Tara ECU 50cm,Jet Fresh,$169.44444444444,125,28-Oct-2025,375
Roses,Rose Yellow Tara ECU 50cm,Jet Fresh,$135.55555555556,100,28-Oct-2025,200
Roses,Rose Yellow Tara ECU 60cm,Jet Fresh,$144.44444444444,100,28-Oct-2025,200
Roses,Rose Yellow Texas ECU 50cm,Jet Fresh,$169.44444444444,125,28-Oct-2025,375
Roses,Rose Yellow Texas ECU 60cm,Jet Fresh,$186.11111111111,125,28-Oct-2025,625
Roses,Rose Yellow Totem ECU 50cm,Jet Fresh,$169.44444444444,125,28-Oct-2025,875
Roses,Rose Yellow Zanzibar ECU 50cm,Jet Fresh,$169.44444444444,125,28-Oct-2025,375
Roses,ROSES - ASSORTED 40C,Continental Flowers,$102.77777777778,125,28-Oct-2025,4250
Roses,ROSES - ASSORTED 40C,Continental Flowers,$294.44444444444,250,28-Oct-2025,4750
Roses,ROSES - ASSORTED 50C,Continental Flowers,$257.77777777778,200,28-Oct-2025,600
Roses,ROSES - ASSORTED 50C,Continental Flowers,$128.88888888889,100,28-Oct-2025,300
Roses,ROSES - ASSORTED 60C,Continental Flowers,$137.77777777778,100,28-Oct-2025,800
Roses,ROSES - ASSORTED 60C,Continental Flowers,$206.66666666667,150,28-Oct-2025,900
Roses,Roses Assorted Colors Assorted Colors 40 Cm,EQR,$127.77777777778,125,04-Nov-2025,12375
Roses,Roses Assorted Colors Assorted Colors 50 Cm,EQR,$147.22222222222,125,28-Oct-2025,6875
Roses,Roses Assorted Colors Assorted Colors 60 Cm,EQR,$126.66666666667,100,04-Nov-2025,5000
Roses,Roses Assorted Colors Fall Pack 50 Cm,EQR,$169.44444444444,125,28-Oct-2025,750
Roses,Roses Assorted FAB-50 DARK RED 50 Cm,EQR,$92.222222222222,50,04-Nov-2025,500
Roses,Roses Assorted FAB-50 EARTH TONE 40 Cm,EQR,$128.88888888889,50,04-Nov-2025,500
Roses,Roses Assorted FAB-50 HOT PINK/YELLOW 50 Cm,EQR,$73.333333333333,50,04-Nov-2025,250
Roses,Roses Assorted FAB-50 ORANGE/YELLOW 50 Cm,EQR,$85.555555555556,50,04-Nov-2025,1250
Roses,Roses Assorted FAB-50 RED/YELLOW 50 Cm,EQR,$73.333333333333,50,04-Nov-2025,1250
Roses,Roses Assorted FAB-50 WHITE/YELLOW 50 Cm,EQR,$83.333333333333,50,04-Nov-2025,1250
Roses,Roses Assorted Red FAB-50 RED 50 Cm,EQR,$92.222222222222,50,04-Nov-2025,500
Roses,Roses Bi - Color Orange Cherry Brandy 40 Cm,EQR,$152.77777777778,125,04-Nov-2025,625
Roses,Roses Bi - Color Orange Cherry Brandy 50 Cm,EQR,$183.33333333333,125,04-Nov-2025,625
Roses,Roses Bi - Color Orange High & Orange 40 Cm,EQR,$138.88888888889,125,04-Nov-2025,1250
Roses,Roses Bi - Color Orange High & Orange 50 Cm,EQR,$152.77777777778,125,28-Oct-2025,625
Roses,Roses Bi - Color Orange High & Orange 60 Cm,EQR,$135.55555555556,100,04-Nov-2025,500
Roses,Roses Bi - Color Orange Iguana 40 Cm,EQR,$138.88888888889,125,04-Nov-2025,625
Roses,Roses Bi - Color Orange Iguana 50 Cm,EQR,$152.77777777778,125,04-Nov-2025,625
Roses,Roses Bi - Color Orange Iguana 60 Cm,EQR,$135.55555555556,100,04-Nov-2025,500
Roses,Roses Bi - Color Pink Cabaret 40 Cm,EQR,$138.88888888889,125,04-Nov-2025,1250
Roses,Roses Bi - Color Pink Cabaret 50 Cm,EQR,$152.77777777778,125,04-Nov-2025,1250
Roses,Roses Bi - Color Pink Cezanne 40 Cm,EQR,$127.77777777778,125,04-Nov-2025,625
Roses,Roses Bi - Color Pink Classic Cezanne 40 Cm,EQR,$127.77777777778,125,04-Nov-2025,625
Roses,Roses Bi - Color Pink Esperance 40 Cm,EQR,$127.77777777778,125,04-Nov-2025,625
Roses,Roses Bi - Color Pink Esperance 50 Cm,EQR,$147.22222222222,125,28-Oct-2025,375
Roses,Roses Bi - Color Pink Esperance 60 Cm,EQR,$126.66666666667,100,04-Nov-2025,500
